collection,model,query,aggregator,NDCG_10
cw12,3b,201,Bradley-Terry,0.5164277709167765
cw12,3b,202,Bradley-Terry,
cw12,3b,203,Bradley-Terry,0.843421036648206
cw12,3b,204,Bradley-Terry,0.28195545508354275
cw12,3b,205,Bradley-Terry,0.2565741961581056
cw12,3b,206,Bradley-Terry,0.21820129278848743
cw12,3b,207,Bradley-Terry,0.22963844540418651
cw12,3b,208,Bradley-Terry,0.4470779618206569
cw12,3b,209,Bradley-Terry,
cw12,3b,210,Bradley-Terry,0.07158230801426127
cw12,3b,211,Bradley-Terry,0.37107285257527733
cw12,3b,212,Bradley-Terry,
cw12,3b,213,Bradley-Terry,0.7799082337019198
cw12,3b,214,Bradley-Terry,0.3561868251429363
cw12,3b,215,Bradley-Terry,0.49420867725437906
cw12,3b,216,Bradley-Terry,0.617642070254914
cw12,3b,217,Bradley-Terry,0.6767822883418159
cw12,3b,218,Bradley-Terry,0.443847116224215
cw12,3b,219,Bradley-Terry,0.718889795595544
cw12,3b,220,Bradley-Terry,0.2804822222314683
cw12,3b,221,Bradley-Terry,0.776233519603995
cw12,3b,222,Bradley-Terry,0.5129464295230277
cw12,3b,223,Bradley-Terry,0.7525827854200227
cw12,3b,224,Bradley-Terry,0.6332196796270029
cw12,3b,225,Bradley-Terry,
cw12,3b,226,Bradley-Terry,0.2702336884496523
cw12,3b,227,Bradley-Terry,0.6042039138348407
cw12,3b,228,Bradley-Terry,0.3767069589285681
cw12,3b,229,Bradley-Terry,1.0
cw12,3b,230,Bradley-Terry,0.7452609222745397
cw12,3b,231,Bradley-Terry,0.6211739956711614
cw12,3b,232,Bradley-Terry,0.9216017310213246
cw12,3b,233,Bradley-Terry,0.5569739591296714
cw12,3b,234,Bradley-Terry,0.8196104814592203
cw12,3b,235,Bradley-Terry,0.2996484034259831
cw12,3b,236,Bradley-Terry,0.8056109294744229
cw12,3b,237,Bradley-Terry,0.40667382683089626
cw12,3b,238,Bradley-Terry,0.33014965383718153
cw12,3b,239,Bradley-Terry,0.5200903983225306
cw12,3b,240,Bradley-Terry,0.9787930706003494
cw12,3b,241,Bradley-Terry,0.4379219447376891
cw12,3b,242,Bradley-Terry,0.18371776387613298
cw12,3b,243,Bradley-Terry,0.5160846225616369
cw12,3b,244,Bradley-Terry,0.04510157879202129
cw12,3b,245,Bradley-Terry,0.0854290465792554
cw12,3b,246,Bradley-Terry,0.8407937803060785
cw12,3b,247,Bradley-Terry,0.27441144641132964
cw12,3b,248,Bradley-Terry,0.277305162107378
cw12,3b,249,Bradley-Terry,0.7935840677649109
cw12,3b,250,Bradley-Terry,0.43856439304508
cw12,3b,251,Bradley-Terry,0.5183409805248399
cw12,3b,252,Bradley-Terry,0.7421019474341028
cw12,3b,253,Bradley-Terry,0.6868213916316264
cw12,3b,254,Bradley-Terry,0.2184322516604127
cw12,3b,255,Bradley-Terry,
cw12,3b,256,Bradley-Terry,0.23117906395285137
cw12,3b,257,Bradley-Terry,0.6556121929500044
cw12,3b,258,Bradley-Terry,0.20463635758025134
cw12,3b,259,Bradley-Terry,0.6008960336113646
cw12,3b,260,Bradley-Terry,0.22585559847296857
cw12,3b,261,Bradley-Terry,0.1890570933316362
cw12,3b,262,Bradley-Terry,0.3142035529100575
cw12,3b,263,Bradley-Terry,0.4118254686722299
cw12,3b,264,Bradley-Terry,0.31557216393067355
cw12,3b,265,Bradley-Terry,
cw12,3b,266,Bradley-Terry,0.6285281257778288
cw12,3b,267,Bradley-Terry,0.7385614346772758
cw12,3b,268,Bradley-Terry,0.7192448946106376
cw12,3b,269,Bradley-Terry,0.1750870143158288
cw12,3b,270,Bradley-Terry,0.053939824626203954
cw12,3b,271,Bradley-Terry,
cw12,3b,272,Bradley-Terry,0.38515857258643477
cw12,3b,273,Bradley-Terry,0.2628415672447887
cw12,3b,274,Bradley-Terry,0.025457581554214143
cw12,3b,275,Bradley-Terry,0.15176219107803537
cw12,3b,276,Bradley-Terry,0.6899618662873772
cw12,3b,277,Bradley-Terry,0.16168440224891126
cw12,3b,278,Bradley-Terry,
cw12,3b,279,Bradley-Terry,0.21764805295803857
cw12,3b,280,Bradley-Terry,0.4578144520060392
cw12,3b,281,Bradley-Terry,0.3890641936495778
cw12,3b,282,Bradley-Terry,0.6281078300217527
cw12,3b,283,Bradley-Terry,0.20208052078464267
cw12,3b,284,Bradley-Terry,0.6367486608365882
cw12,3b,285,Bradley-Terry,0.5311889026478153
cw12,3b,286,Bradley-Terry,0.33740774326479506
cw12,3b,287,Bradley-Terry,0.7735859535470033
cw12,3b,288,Bradley-Terry,0.5643683194065622
cw12,3b,289,Bradley-Terry,
cw12,3b,290,Bradley-Terry,0.2684550357175426
cw12,3b,291,Bradley-Terry,0.2532359668204391
cw12,3b,292,Bradley-Terry,0.8190311899370368
cw12,3b,293,Bradley-Terry,0.4082098657358135
cw12,3b,294,Bradley-Terry,0.6623116322840196
cw12,3b,295,Bradley-Terry,0.5720026113208432
cw12,3b,296,Bradley-Terry,0.5919062582681318
cw12,3b,297,Bradley-Terry,0.8196104814592203
cw12,3b,298,Bradley-Terry,0.5784060014523387
cw12,3b,299,Bradley-Terry,0.6876182885174021
cw12,3b,300,Bradley-Terry,0.5558895244343969
cw12,3b,201,Additive,0.5492833127503295
cw12,3b,202,Additive,
cw12,3b,203,Additive,0.8286704179775547
cw12,3b,204,Additive,0.29570039933414066
cw12,3b,205,Additive,0.28265636408984174
cw12,3b,206,Additive,0.29831477333164647
cw12,3b,207,Additive,0.2390395057182112
cw12,3b,208,Additive,0.3379529113940068
cw12,3b,209,Additive,
cw12,3b,210,Additive,0.06909102588766716
cw12,3b,211,Additive,0.33445887356113274
cw12,3b,212,Additive,
cw12,3b,213,Additive,0.8200685179888282
cw12,3b,214,Additive,0.2982492142267598
cw12,3b,215,Additive,0.463075962907243
cw12,3b,216,Additive,0.651512376215174
cw12,3b,217,Additive,0.7650894584672855
cw12,3b,218,Additive,0.43116854500782825
cw12,3b,219,Additive,0.8452008159980469
cw12,3b,220,Additive,0.27692698730962767
cw12,3b,221,Additive,0.7665973317028826
cw12,3b,222,Additive,0.5711283966498945
cw12,3b,223,Additive,0.7530157255760038
cw12,3b,224,Additive,0.6371523797895855
cw12,3b,225,Additive,
cw12,3b,226,Additive,0.31818814646553767
cw12,3b,227,Additive,0.6672170021846555
cw12,3b,228,Additive,0.5960214398087025
cw12,3b,229,Additive,0.9608008655106622
cw12,3b,230,Additive,0.7306765513356919
cw12,3b,231,Additive,0.5249870264273929
cw12,3b,232,Additive,0.9216017310213246
cw12,3b,233,Additive,0.6061277762203174
cw12,3b,234,Additive,0.8196104814592203
cw12,3b,235,Additive,0.1290515430196899
cw12,3b,236,Additive,0.782675957907822
cw12,3b,237,Additive,0.41327167653910074
cw12,3b,238,Additive,0.3759542447628333
cw12,3b,239,Additive,0.5200903983225306
cw12,3b,240,Additive,0.9787930706003494
cw12,3b,241,Additive,0.4941643257117586
cw12,3b,242,Additive,0.23191550393532315
cw12,3b,243,Additive,0.5545850357757434
cw12,3b,244,Additive,0.09057318017929115
cw12,3b,245,Additive,0.06770091765024037
cw12,3b,246,Additive,0.8587594766683906
cw12,3b,247,Additive,0.23636095198749768
cw12,3b,248,Additive,0.17561988197748313
cw12,3b,249,Additive,0.8318477135310891
cw12,3b,250,Additive,0.5782414233094901
cw12,3b,251,Additive,0.6431729948762345
cw12,3b,252,Additive,0.7659933591996381
cw12,3b,253,Additive,0.6356023164654464
cw12,3b,254,Additive,0.30223784044987306
cw12,3b,255,Additive,
cw12,3b,256,Additive,0.20266480926114225
cw12,3b,257,Additive,0.6179753168281193
cw12,3b,258,Additive,0.32366813078297824
cw12,3b,259,Additive,0.6155164074837075
cw12,3b,260,Additive,0.22094842938206902
cw12,3b,261,Additive,0.18473170424986066
cw12,3b,262,Additive,0.37379771016731245
cw12,3b,263,Additive,0.49299730592790086
cw12,3b,264,Additive,0.303120781176964
cw12,3b,265,Additive,
cw12,3b,266,Additive,0.6337507404169398
cw12,3b,267,Additive,0.7799082337019199
cw12,3b,268,Additive,0.6876911728000972
cw12,3b,269,Additive,0.33240617933430433
cw12,3b,270,Additive,0.05617253880444628
cw12,3b,271,Additive,
cw12,3b,272,Additive,0.3854915130246807
cw12,3b,273,Additive,0.18095030977230447
cw12,3b,274,Additive,0.024292706506549567
cw12,3b,275,Additive,0.3787833386759354
cw12,3b,276,Additive,0.6836655682249665
cw12,3b,277,Additive,0.0660908915685874
cw12,3b,278,Additive,
cw12,3b,279,Additive,0.21637962614895362
cw12,3b,280,Additive,0.4929228620441024
cw12,3b,281,Additive,0.4098518340034014
cw12,3b,282,Additive,0.6536531021328543
cw12,3b,283,Additive,0.25544973058563153
cw12,3b,284,Additive,0.6437489925830848
cw12,3b,285,Additive,0.5233142381124238
cw12,3b,286,Additive,0.40730293192533
cw12,3b,287,Additive,0.7746565044488629
cw12,3b,288,Additive,0.33045445784293703
cw12,3b,289,Additive,
cw12,3b,290,Additive,0.5926825204089028
cw12,3b,291,Additive,0.30196775668154574
cw12,3b,292,Additive,0.8342585510352533
cw12,3b,293,Additive,0.3590180004831468
cw12,3b,294,Additive,0.6508017542659792
cw12,3b,295,Additive,0.6408777375410851
cw12,3b,296,Additive,0.5783680378640442
cw12,3b,297,Additive,0.8717547463057782
cw12,3b,298,Additive,0.6222171279871946
cw12,3b,299,Additive,0.7131635606285038
cw12,3b,300,Additive,0.6098982814088804
cw12,3b,201,Kwiksort,0.4686905568627746
cw12,3b,202,Kwiksort,
cw12,3b,203,Kwiksort,0.8701249883466592
cw12,3b,204,Kwiksort,0.4049545904175428
cw12,3b,205,Kwiksort,0.2419094745795361
cw12,3b,206,Kwiksort,0.3211899726606445
cw12,3b,207,Kwiksort,0.22696215375034598
cw12,3b,208,Kwiksort,0.31674979519176866
cw12,3b,209,Kwiksort,0.12054710171248398
cw12,3b,210,Kwiksort,0.036304655250103866
cw12,3b,211,Kwiksort,0.427685090578477
cw12,3b,212,Kwiksort,
cw12,3b,213,Kwiksort,0.546628287915423
cw12,3b,214,Kwiksort,0.2446417993751649
cw12,3b,215,Kwiksort,0.500057141119071
cw12,3b,216,Kwiksort,0.5507477367577719
cw12,3b,217,Kwiksort,0.5308369092390962
cw12,3b,218,Kwiksort,0.10750906464748088
cw12,3b,219,Kwiksort,0.2423250374852664
cw12,3b,220,Kwiksort,0.26565013215381844
cw12,3b,221,Kwiksort,0.39623813900095617
cw12,3b,222,Kwiksort,0.4429101991534567
cw12,3b,223,Kwiksort,0.3178913455570648
cw12,3b,224,Kwiksort,0.2596205481576899
cw12,3b,225,Kwiksort,
cw12,3b,226,Kwiksort,0.12127716502890909
cw12,3b,227,Kwiksort,0.3669316311582905
cw12,3b,228,Kwiksort,0.3045259607715559
cw12,3b,229,Kwiksort,1.0
cw12,3b,230,Kwiksort,0.6807351507646947
cw12,3b,231,Kwiksort,0.5225053781952084
cw12,3b,232,Kwiksort,0.6581810421830974
cw12,3b,233,Kwiksort,0.56626351681275
cw12,3b,234,Kwiksort,0.8196104814592203
cw12,3b,235,Kwiksort,0.1012688198707271
cw12,3b,236,Kwiksort,0.6890439757221727
cw12,3b,237,Kwiksort,
cw12,3b,238,Kwiksort,0.29070438396105863
cw12,3b,239,Kwiksort,0.3628130696667246
cw12,3b,240,Kwiksort,0.3274638219248087
cw12,3b,241,Kwiksort,0.28069037407335873
cw12,3b,242,Kwiksort,0.04681599109282458
cw12,3b,243,Kwiksort,0.4072716901768848
cw12,3b,244,Kwiksort,
cw12,3b,245,Kwiksort,0.0854290465792554
cw12,3b,246,Kwiksort,0.6761947581314764
cw12,3b,247,Kwiksort,0.07768953695765951
cw12,3b,248,Kwiksort,0.15825634664107016
cw12,3b,249,Kwiksort,0.3214961622634444
cw12,3b,250,Kwiksort,0.07066252950471986
cw12,3b,251,Kwiksort,0.5302218948582818
cw12,3b,252,Kwiksort,0.5482929720882513
cw12,3b,253,Kwiksort,0.5112769867083918
cw12,3b,254,Kwiksort,0.40491067606834485
cw12,3b,255,Kwiksort,
cw12,3b,256,Kwiksort,0.15149713215024316
cw12,3b,257,Kwiksort,0.5643551386261902
cw12,3b,258,Kwiksort,0.44209148661846875
cw12,3b,259,Kwiksort,0.6781698192059961
cw12,3b,260,Kwiksort,0.2913235714767854
cw12,3b,261,Kwiksort,
cw12,3b,262,Kwiksort,0.2356231625306544
cw12,3b,263,Kwiksort,0.41979621818883534
cw12,3b,264,Kwiksort,0.21479775535698048
cw12,3b,265,Kwiksort,
cw12,3b,266,Kwiksort,0.5005462459521661
cw12,3b,267,Kwiksort,0.8111783223351559
cw12,3b,268,Kwiksort,0.6818432085243087
cw12,3b,269,Kwiksort,0.19370927034025992
cw12,3b,270,Kwiksort,0.026969912313101977
cw12,3b,271,Kwiksort,0.1290515430196899
cw12,3b,272,Kwiksort,0.12066210681744793
cw12,3b,273,Kwiksort,0.047593841584217145
cw12,3b,274,Kwiksort,0.15618357867304586
cw12,3b,275,Kwiksort,0.5730379245414764
cw12,3b,276,Kwiksort,0.518604988705992
cw12,3b,277,Kwiksort,0.3710732583312176
cw12,3b,278,Kwiksort,0.10861750945625488
cw12,3b,279,Kwiksort,0.21518192524287086
cw12,3b,280,Kwiksort,0.38569146286531275
cw12,3b,281,Kwiksort,0.5782354890495641
cw12,3b,282,Kwiksort,0.7057973669794123
cw12,3b,283,Kwiksort,0.35946608965955845
cw12,3b,284,Kwiksort,0.6002312554699606
cw12,3b,285,Kwiksort,0.5885807320553617
cw12,3b,286,Kwiksort,0.3881014188849351
cw12,3b,287,Kwiksort,0.4580462515119478
cw12,3b,288,Kwiksort,0.503759295875729
cw12,3b,289,Kwiksort,
cw12,3b,290,Kwiksort,0.46664232174566633
cw12,3b,291,Kwiksort,0.1825938960667857
cw12,3b,292,Kwiksort,0.4413971968980952
cw12,3b,293,Kwiksort,0.5736844284088329
cw12,3b,294,Kwiksort,0.7497880576348188
cw12,3b,295,Kwiksort,0.7225701887406564
cw12,3b,296,Kwiksort,0.5085507366986679
cw12,3b,297,Kwiksort,0.645667527465819
cw12,3b,298,Kwiksort,0.5478265338670548
cw12,3b,299,Kwiksort,0.3620543703680122
cw12,3b,300,Kwiksort,0.17546274162874798
cw12,3b,201,Greedy,0.5492833127503295
cw12,3b,202,Greedy,
cw12,3b,203,Greedy,0.8409305485502252
cw12,3b,204,Greedy,0.3764444048019852
cw12,3b,205,Greedy,0.24854295769928825
cw12,3b,206,Greedy,0.234236222801276
cw12,3b,207,Greedy,0.2294669132553059
cw12,3b,208,Greedy,0.3016317635013505
cw12,3b,209,Greedy,0.05617253880444628
cw12,3b,210,Greedy,0.06714490142323043
cw12,3b,211,Greedy,0.36132017196473887
cw12,3b,212,Greedy,
cw12,3b,213,Greedy,0.9305687780632227
cw12,3b,214,Greedy,0.2873957831869881
cw12,3b,215,Greedy,0.49742800455824676
cw12,3b,216,Greedy,0.6534530146122202
cw12,3b,217,Greedy,0.7001259301540737
cw12,3b,218,Greedy,0.35641739167007547
cw12,3b,219,Greedy,0.8422679032388983
cw12,3b,220,Greedy,0.3637565068828431
cw12,3b,221,Greedy,0.7665202511661402
cw12,3b,222,Greedy,0.6100727733786324
cw12,3b,223,Greedy,0.7363388954420739
cw12,3b,224,Greedy,0.6168295842361274
cw12,3b,225,Greedy,
cw12,3b,226,Greedy,0.3018040635492453
cw12,3b,227,Greedy,0.6815466751254265
cw12,3b,228,Greedy,0.6780239150786552
cw12,3b,229,Greedy,0.94497705842548
cw12,3b,230,Greedy,0.7306765513356919
cw12,3b,231,Greedy,0.5120909920714268
cw12,3b,232,Greedy,0.914856882358379
cw12,3b,233,Greedy,0.6008960336113646
cw12,3b,234,Greedy,0.7674662166126623
cw12,3b,235,Greedy,0.1290515430196899
cw12,3b,236,Greedy,0.798513378537286
cw12,3b,237,Greedy,0.43586464618758886
cw12,3b,238,Greedy,0.4564609789102816
cw12,3b,239,Greedy,0.4856322128555874
cw12,3b,240,Greedy,0.9787930706003494
cw12,3b,241,Greedy,0.40502226091658544
cw12,3b,242,Greedy,0.19969097468564354
cw12,3b,243,Greedy,0.5524738270959632
cw12,3b,244,Greedy,0.10330985802388681
cw12,3b,245,Greedy,0.06770091765024037
cw12,3b,246,Greedy,0.7369929117459029
cw12,3b,247,Greedy,0.24902858969531527
cw12,3b,248,Greedy,0.3929463858674769
cw12,3b,249,Greedy,0.7819835854675755
cw12,3b,250,Greedy,0.6735617036687187
cw12,3b,251,Greedy,0.6012416160362531
cw12,3b,252,Greedy,0.7414560726157763
cw12,3b,253,Greedy,0.6721300317969585
cw12,3b,254,Greedy,0.35989840541264523
cw12,3b,255,Greedy,
cw12,3b,256,Greedy,0.28925363494288764
cw12,3b,257,Greedy,0.569838119688796
cw12,3b,258,Greedy,0.3043306894616467
cw12,3b,259,Greedy,0.6155164074837075
cw12,3b,260,Greedy,0.1522660734392347
cw12,3b,261,Greedy,0.23644201540575574
cw12,3b,262,Greedy,0.37379771016731245
cw12,3b,263,Greedy,0.4861409485773401
cw12,3b,264,Greedy,0.33493117527643984
cw12,3b,265,Greedy,
cw12,3b,266,Greedy,0.6135568453880582
cw12,3b,267,Greedy,0.9074250374176303
cw12,3b,268,Greedy,0.6839290657124402
cw12,3b,269,Greedy,0.2812836397326404
cw12,3b,270,Greedy,0.11503864280713952
cw12,3b,271,Greedy,
cw12,3b,272,Greedy,0.3795403516744829
cw12,3b,273,Greedy,0.0700011353053759
cw12,3b,274,Greedy,0.024292706506549567
cw12,3b,275,Greedy,0.3787833386759354
cw12,3b,276,Greedy,0.7800217719948008
cw12,3b,277,Greedy,0.06254806489603015
cw12,3b,278,Greedy,
cw12,3b,279,Greedy,0.2087330723166475
cw12,3b,280,Greedy,0.5
cw12,3b,281,Greedy,0.4153730334071783
cw12,3b,282,Greedy,0.5634583428624645
cw12,3b,283,Greedy,0.2650552508271364
cw12,3b,284,Greedy,0.6316628212434251
cw12,3b,285,Greedy,0.552750779443829
cw12,3b,286,Greedy,0.33918536072571537
cw12,3b,287,Greedy,0.6940320836101368
cw12,3b,288,Greedy,0.3135070790115262
cw12,3b,289,Greedy,
cw12,3b,290,Greedy,0.5135081645717172
cw12,3b,291,Greedy,0.2755191343365016
cw12,3b,292,Greedy,0.7800955628772294
cw12,3b,293,Greedy,0.3938689102024784
cw12,3b,294,Greedy,0.5831862200330733
cw12,3b,295,Greedy,0.5952495593575277
cw12,3b,296,Greedy,0.7070743061385582
cw12,3b,297,Greedy,0.8765170386991242
cw12,3b,298,Greedy,0.6415224095740423
cw12,3b,299,Greedy,0.7653078254750617
cw12,3b,300,Greedy,0.6844606184976216
cw12,3b,201,PageRank,0.5164277709167765
cw12,3b,202,PageRank,0.5
cw12,3b,203,PageRank,0.7015099647232445
cw12,3b,204,PageRank,0.429555400150983
cw12,3b,205,PageRank,0.18804831460137145
cw12,3b,206,PageRank,0.3397119470897224
cw12,3b,207,PageRank,0.27659559937789324
cw12,3b,208,PageRank,0.4664861813008793
cw12,3b,209,PageRank,0.1343045591011933
cw12,3b,210,PageRank,0.07510059262680183
cw12,3b,211,PageRank,0.2606774590769747
cw12,3b,212,PageRank,
cw12,3b,213,PageRank,0.5985040686586142
cw12,3b,214,PageRank,0.33005960832623565
cw12,3b,215,PageRank,0.42334105480675044
cw12,3b,216,PageRank,0.5911466618187927
cw12,3b,217,PageRank,0.7180405937680281
cw12,3b,218,PageRank,0.2959728618370978
cw12,3b,219,PageRank,0.6652752356401718
cw12,3b,220,PageRank,0.47378130783392886
cw12,3b,221,PageRank,0.8018883827271511
cw12,3b,222,PageRank,0.6066791424898987
cw12,3b,223,PageRank,0.7026858200000238
cw12,3b,224,PageRank,0.6464018466408363
cw12,3b,225,PageRank,
cw12,3b,226,PageRank,0.2966709075747236
cw12,3b,227,PageRank,0.572540513848454
cw12,3b,228,PageRank,0.5121888908963762
cw12,3b,229,PageRank,0.8899541168509599
cw12,3b,230,PageRank,0.7301621186384913
cw12,3b,231,PageRank,0.35488317527989965
cw12,3b,232,PageRank,0.8899541168509599
cw12,3b,233,PageRank,0.4573362932183878
cw12,3b,234,PageRank,0.7653078254750617
cw12,3b,235,PageRank,0.0866178136927642
cw12,3b,236,PageRank,0.7358599668149974
cw12,3b,237,PageRank,0.37171757791281923
cw12,3b,238,PageRank,0.489034019711171
cw12,3b,239,PageRank,0.6584885442207399
cw12,3b,240,PageRank,0.9768562593544076
cw12,3b,241,PageRank,0.36045122851899886
cw12,3b,242,PageRank,0.20241378646497207
cw12,3b,243,PageRank,0.34820020336949803
cw12,3b,244,PageRank,0.1423072526959275
cw12,3b,245,PageRank,0.13540183530048075
cw12,3b,246,PageRank,0.7304338357783298
cw12,3b,247,PageRank,0.11120921322406255
cw12,3b,248,PageRank,0.4574739175020552
cw12,3b,249,PageRank,0.8911742177248004
cw12,3b,250,PageRank,0.48877281262146904
cw12,3b,251,PageRank,0.5203073306061314
cw12,3b,252,PageRank,0.8276125137490676
cw12,3b,253,PageRank,0.6696624774067379
cw12,3b,254,PageRank,0.4220264355633828
cw12,3b,255,PageRank,
cw12,3b,256,PageRank,0.2860955619194922
cw12,3b,257,PageRank,0.47651644735284243
cw12,3b,258,PageRank,0.3247894225616123
cw12,3b,259,PageRank,0.5162130993616367
cw12,3b,260,PageRank,0.3425381309650643
cw12,3b,261,PageRank,0.14982420171299154
cw12,3b,262,PageRank,0.5489685861878627
cw12,3b,263,PageRank,0.450381152257723
cw12,3b,264,PageRank,0.42412835693372597
cw12,3b,265,PageRank,
cw12,3b,266,PageRank,0.5895575665819881
cw12,3b,267,PageRank,0.9575861412006988
cw12,3b,268,PageRank,0.6161907658433269
cw12,3b,269,PageRank,0.3099019184013833
cw12,3b,270,PageRank,0.26535783594046825
cw12,3b,271,PageRank,
cw12,3b,272,PageRank,0.28672309341991287
cw12,3b,273,PageRank,0.0700011353053759
cw12,3b,274,PageRank,0.031218489329128234
cw12,3b,275,PageRank,0.334620642665883
cw12,3b,276,PageRank,0.6886572678816787
cw12,3b,277,PageRank,0.19572228152938376
cw12,3b,278,PageRank,0.08452085079694197
cw12,3b,279,PageRank,0.19575221435599247
cw12,3b,280,PageRank,0.3825695264186934
cw12,3b,281,PageRank,0.4375883180356181
cw12,3b,282,PageRank,0.5245049272427336
cw12,3b,283,PageRank,0.31212640393368274
cw12,3b,284,PageRank,0.6173901696948492
cw12,3b,285,PageRank,0.5551933807409367
cw12,3b,286,PageRank,0.38532633762252627
cw12,3b,287,PageRank,0.6986422885202574
cw12,3b,288,PageRank,0.48672642442640124
cw12,3b,289,PageRank,
cw12,3b,290,PageRank,0.06943122193677727
cw12,3b,291,PageRank,0.231548702707663
cw12,3b,292,PageRank,0.976416082725736
cw12,3b,293,PageRank,0.5770312005096568
cw12,3b,294,PageRank,0.6437838763327259
cw12,3b,295,PageRank,0.6965503115691779
cw12,3b,296,PageRank,0.7107958131663631
cw12,3b,297,PageRank,0.7031934657236668
cw12,3b,298,PageRank,0.6255221357788465
cw12,3b,299,PageRank,0.7674662166126623
cw12,3b,300,PageRank,0.6708220009735172
dl-passages,3b,19335,Bradley-Terry,0.3859337420377362
dl-passages,3b,23849,Bradley-Terry,
dl-passages,3b,42255,Bradley-Terry,
dl-passages,3b,47210,Bradley-Terry,
dl-passages,3b,47923,Bradley-Terry,0.6071341525970839
dl-passages,3b,67316,Bradley-Terry,
dl-passages,3b,87181,Bradley-Terry,0.9305687780632227
dl-passages,3b,87452,Bradley-Terry,0.4385475294922498
dl-passages,3b,104861,Bradley-Terry,1.0
dl-passages,3b,118440,Bradley-Terry,
dl-passages,3b,121171,Bradley-Terry,
dl-passages,3b,130510,Bradley-Terry,0.9445246953758977
dl-passages,3b,131843,Bradley-Terry,0.9363792118010482
dl-passages,3b,135802,Bradley-Terry,
dl-passages,3b,141630,Bradley-Terry,
dl-passages,3b,146187,Bradley-Terry,0.9133343848462936
dl-passages,3b,148538,Bradley-Terry,0.08829051438724722
dl-passages,3b,156493,Bradley-Terry,0.9008636626471189
dl-passages,3b,156498,Bradley-Terry,
dl-passages,3b,168216,Bradley-Terry,1.0
dl-passages,3b,169208,Bradley-Terry,
dl-passages,3b,174463,Bradley-Terry,
dl-passages,3b,182539,Bradley-Terry,0.6382863327437603
dl-passages,3b,183378,Bradley-Terry,1.0
dl-passages,3b,207786,Bradley-Terry,0.8264321377472146
dl-passages,3b,258062,Bradley-Terry,
dl-passages,3b,264014,Bradley-Terry,0.8050935890295805
dl-passages,3b,324585,Bradley-Terry,
dl-passages,3b,330975,Bradley-Terry,
dl-passages,3b,332593,Bradley-Terry,
dl-passages,3b,336901,Bradley-Terry,
dl-passages,3b,359349,Bradley-Terry,0.8590497793163282
dl-passages,3b,390360,Bradley-Terry,
dl-passages,3b,405163,Bradley-Terry,
dl-passages,3b,405717,Bradley-Terry,0.5164068403652846
dl-passages,3b,443396,Bradley-Terry,0.5661538142220853
dl-passages,3b,451602,Bradley-Terry,0.5522330294948445
dl-passages,3b,489204,Bradley-Terry,0.2144373079837472
dl-passages,3b,490595,Bradley-Terry,0.6005165628486338
dl-passages,3b,527433,Bradley-Terry,0.6274248438063688
dl-passages,3b,555530,Bradley-Terry,
dl-passages,3b,573724,Bradley-Terry,0.6142195236112767
dl-passages,3b,583468,Bradley-Terry,
dl-passages,3b,640502,Bradley-Terry,
dl-passages,3b,673670,Bradley-Terry,
dl-passages,3b,701453,Bradley-Terry,
dl-passages,3b,730539,Bradley-Terry,
dl-passages,3b,768208,Bradley-Terry,
dl-passages,3b,833860,Bradley-Terry,0.7500096262282716
dl-passages,3b,855410,Bradley-Terry,
dl-passages,3b,877809,Bradley-Terry,
dl-passages,3b,911232,Bradley-Terry,
dl-passages,3b,914916,Bradley-Terry,
dl-passages,3b,915593,Bradley-Terry,0.836818122206211
dl-passages,3b,938400,Bradley-Terry,
dl-passages,3b,940547,Bradley-Terry,
dl-passages,3b,962179,Bradley-Terry,0.7975167679274937
dl-passages,3b,997622,Bradley-Terry,
dl-passages,3b,1030303,Bradley-Terry,
dl-passages,3b,1037496,Bradley-Terry,
dl-passages,3b,1037798,Bradley-Terry,0.5040917514371401
dl-passages,3b,1043135,Bradley-Terry,
dl-passages,3b,1051399,Bradley-Terry,
dl-passages,3b,1063750,Bradley-Terry,0.3915823049101414
dl-passages,3b,1064670,Bradley-Terry,
dl-passages,3b,1071750,Bradley-Terry,
dl-passages,3b,1103812,Bradley-Terry,0.6437857197573209
dl-passages,3b,1105792,Bradley-Terry,
dl-passages,3b,1106007,Bradley-Terry,0.6243565640887495
dl-passages,3b,1106979,Bradley-Terry,
dl-passages,3b,1108651,Bradley-Terry,
dl-passages,3b,1109707,Bradley-Terry,
dl-passages,3b,1110199,Bradley-Terry,0.5273679476346504
dl-passages,3b,1110678,Bradley-Terry,
dl-passages,3b,1112341,Bradley-Terry,0.7494145854619849
dl-passages,3b,1113256,Bradley-Terry,
dl-passages,3b,1113437,Bradley-Terry,0.5390660101483735
dl-passages,3b,1114646,Bradley-Terry,0.8167975104638967
dl-passages,3b,1114819,Bradley-Terry,0.8380621214192497
dl-passages,3b,1115210,Bradley-Terry,
dl-passages,3b,1115776,Bradley-Terry,0.8904457238208279
dl-passages,3b,1116380,Bradley-Terry,
dl-passages,3b,1117099,Bradley-Terry,0.9768562593544076
dl-passages,3b,1121353,Bradley-Terry,
dl-passages,3b,1121402,Bradley-Terry,0.9301909272231254
dl-passages,3b,1121709,Bradley-Terry,0.14982420171299154
dl-passages,3b,1122767,Bradley-Terry,
dl-passages,3b,1124210,Bradley-Terry,0.7602175169331281
dl-passages,3b,1127540,Bradley-Terry,
dl-passages,3b,1129237,Bradley-Terry,0.6264481335675265
dl-passages,3b,1131069,Bradley-Terry,
dl-passages,3b,1132532,Bradley-Terry,
dl-passages,3b,1133167,Bradley-Terry,0.721406528768776
dl-passages,3b,1133579,Bradley-Terry,
dl-passages,3b,1136043,Bradley-Terry,
dl-passages,3b,1136047,Bradley-Terry,
dl-passages,3b,1136962,Bradley-Terry,
dl-passages,3b,19335,Additive,0.5088971325781299
dl-passages,3b,23849,Additive,
dl-passages,3b,42255,Additive,
dl-passages,3b,47210,Additive,
dl-passages,3b,47923,Additive,0.6709928801684267
dl-passages,3b,67316,Additive,
dl-passages,3b,87181,Additive,0.9574284411791895
dl-passages,3b,87452,Additive,0.45378794088879826
dl-passages,3b,104861,Additive,1.0
dl-passages,3b,118440,Additive,
dl-passages,3b,121171,Additive,
dl-passages,3b,130510,Additive,0.8778557807555363
dl-passages,3b,131843,Additive,0.9216017310213247
dl-passages,3b,135802,Additive,
dl-passages,3b,141630,Additive,
dl-passages,3b,146187,Additive,0.8618579146231062
dl-passages,3b,148538,Additive,0.0896372969863707
dl-passages,3b,156493,Additive,0.9008636626471189
dl-passages,3b,156498,Additive,
dl-passages,3b,168216,Additive,0.9534606181487503
dl-passages,3b,169208,Additive,
dl-passages,3b,174463,Additive,
dl-passages,3b,182539,Additive,0.6146286576016697
dl-passages,3b,183378,Additive,1.0
dl-passages,3b,207786,Additive,0.7714091961726945
dl-passages,3b,258062,Additive,
dl-passages,3b,264014,Additive,0.7684116279799005
dl-passages,3b,324585,Additive,
dl-passages,3b,330975,Additive,
dl-passages,3b,332593,Additive,
dl-passages,3b,336901,Additive,
dl-passages,3b,359349,Additive,0.8367838504225482
dl-passages,3b,390360,Additive,
dl-passages,3b,405163,Additive,
dl-passages,3b,405717,Additive,0.6027732758886565
dl-passages,3b,443396,Additive,0.5540917182484479
dl-passages,3b,451602,Additive,0.57764931191801
dl-passages,3b,489204,Additive,0.2356890406132299
dl-passages,3b,490595,Additive,0.54042243247946
dl-passages,3b,527433,Additive,0.5332087883040707
dl-passages,3b,555530,Additive,
dl-passages,3b,573724,Additive,0.5467347399717882
dl-passages,3b,583468,Additive,
dl-passages,3b,640502,Additive,
dl-passages,3b,673670,Additive,
dl-passages,3b,701453,Additive,
dl-passages,3b,730539,Additive,
dl-passages,3b,768208,Additive,
dl-passages,3b,833860,Additive,0.7717208501589945
dl-passages,3b,855410,Additive,
dl-passages,3b,877809,Additive,
dl-passages,3b,911232,Additive,
dl-passages,3b,914916,Additive,
dl-passages,3b,915593,Additive,0.9263904789890709
dl-passages,3b,938400,Additive,
dl-passages,3b,940547,Additive,
dl-passages,3b,962179,Additive,0.7846170207230129
dl-passages,3b,997622,Additive,
dl-passages,3b,1030303,Additive,
dl-passages,3b,1037496,Additive,
dl-passages,3b,1037798,Additive,0.49602038915842817
dl-passages,3b,1043135,Additive,
dl-passages,3b,1051399,Additive,
dl-passages,3b,1063750,Additive,0.40430963995346425
dl-passages,3b,1064670,Additive,
dl-passages,3b,1071750,Additive,
dl-passages,3b,1103812,Additive,0.69539678023469
dl-passages,3b,1105792,Additive,
dl-passages,3b,1106007,Additive,0.6243565640887495
dl-passages,3b,1106979,Additive,
dl-passages,3b,1108651,Additive,
dl-passages,3b,1109707,Additive,
dl-passages,3b,1110199,Additive,0.5008702011573277
dl-passages,3b,1110678,Additive,
dl-passages,3b,1112341,Additive,0.7903045743530156
dl-passages,3b,1113256,Additive,
dl-passages,3b,1113437,Additive,0.5103238048383939
dl-passages,3b,1114646,Additive,0.8434977495363065
dl-passages,3b,1114819,Additive,0.756184307630007
dl-passages,3b,1115210,Additive,
dl-passages,3b,1115776,Additive,0.8614478819329232
dl-passages,3b,1116380,Additive,
dl-passages,3b,1117099,Additive,0.977915258848537
dl-passages,3b,1121353,Additive,
dl-passages,3b,1121402,Additive,0.9608008655106622
dl-passages,3b,1121709,Additive,0.14982420171299154
dl-passages,3b,1122767,Additive,
dl-passages,3b,1124210,Additive,0.7914360062622563
dl-passages,3b,1127540,Additive,
dl-passages,3b,1129237,Additive,0.5706220021565792
dl-passages,3b,1131069,Additive,
dl-passages,3b,1132532,Additive,
dl-passages,3b,1133167,Additive,0.8318196274900602
dl-passages,3b,1133579,Additive,
dl-passages,3b,1136043,Additive,
dl-passages,3b,1136047,Additive,
dl-passages,3b,1136962,Additive,
dl-passages,3b,19335,Kwiksort,0.0360092018344631
dl-passages,3b,23849,Kwiksort,
dl-passages,3b,42255,Kwiksort,
dl-passages,3b,47210,Kwiksort,
dl-passages,3b,47923,Kwiksort,0.18826221953678252
dl-passages,3b,67316,Kwiksort,
dl-passages,3b,87181,Kwiksort,0.5790066863459117
dl-passages,3b,87452,Kwiksort,0.18311217892290807
dl-passages,3b,104861,Kwiksort,0.7441840443853485
dl-passages,3b,118440,Kwiksort,
dl-passages,3b,121171,Kwiksort,
dl-passages,3b,130510,Kwiksort,0.3466715452123736
dl-passages,3b,131843,Kwiksort,0.29345568839744024
dl-passages,3b,135802,Kwiksort,
dl-passages,3b,141630,Kwiksort,
dl-passages,3b,146187,Kwiksort,0.4230811460667708
dl-passages,3b,148538,Kwiksort,0.029433052001346625
dl-passages,3b,156493,Kwiksort,0.6727479767378758
dl-passages,3b,156498,Kwiksort,
dl-passages,3b,168216,Kwiksort,0.8745248109663576
dl-passages,3b,169208,Kwiksort,
dl-passages,3b,174463,Kwiksort,
dl-passages,3b,182539,Kwiksort,0.43421832304297525
dl-passages,3b,183378,Kwiksort,0.8532721558012799
dl-passages,3b,207786,Kwiksort,0.5129099397936387
dl-passages,3b,258062,Kwiksort,
dl-passages,3b,264014,Kwiksort,0.581852794384279
dl-passages,3b,324585,Kwiksort,
dl-passages,3b,330975,Kwiksort,
dl-passages,3b,332593,Kwiksort,
dl-passages,3b,336901,Kwiksort,
dl-passages,3b,359349,Kwiksort,0.3629954302869582
dl-passages,3b,390360,Kwiksort,
dl-passages,3b,405163,Kwiksort,
dl-passages,3b,405717,Kwiksort,0.15650407705812736
dl-passages,3b,443396,Kwiksort,
dl-passages,3b,451602,Kwiksort,0.4444533864748817
dl-passages,3b,489204,Kwiksort,
dl-passages,3b,490595,Kwiksort,0.4651938740858744
dl-passages,3b,527433,Kwiksort,0.13658533194793404
dl-passages,3b,555530,Kwiksort,
dl-passages,3b,573724,Kwiksort,0.49043286860671825
dl-passages,3b,583468,Kwiksort,
dl-passages,3b,640502,Kwiksort,
dl-passages,3b,673670,Kwiksort,
dl-passages,3b,701453,Kwiksort,
dl-passages,3b,730539,Kwiksort,
dl-passages,3b,768208,Kwiksort,
dl-passages,3b,833860,Kwiksort,0.48793884806530385
dl-passages,3b,855410,Kwiksort,
dl-passages,3b,877809,Kwiksort,
dl-passages,3b,911232,Kwiksort,
dl-passages,3b,914916,Kwiksort,
dl-passages,3b,915593,Kwiksort,0.5808528725608486
dl-passages,3b,938400,Kwiksort,
dl-passages,3b,940547,Kwiksort,
dl-passages,3b,962179,Kwiksort,0.4318700074633624
dl-passages,3b,997622,Kwiksort,
dl-passages,3b,1030303,Kwiksort,
dl-passages,3b,1037496,Kwiksort,
dl-passages,3b,1037798,Kwiksort,
dl-passages,3b,1043135,Kwiksort,
dl-passages,3b,1051399,Kwiksort,
dl-passages,3b,1063750,Kwiksort,0.05548185707602569
dl-passages,3b,1064670,Kwiksort,
dl-passages,3b,1071750,Kwiksort,
dl-passages,3b,1103812,Kwiksort,0.30159967645064517
dl-passages,3b,1105792,Kwiksort,
dl-passages,3b,1106007,Kwiksort,0.08069862424496003
dl-passages,3b,1106979,Kwiksort,
dl-passages,3b,1108651,Kwiksort,
dl-passages,3b,1109707,Kwiksort,
dl-passages,3b,1110199,Kwiksort,0.4821087514200895
dl-passages,3b,1110678,Kwiksort,
dl-passages,3b,1112341,Kwiksort,0.44198273018319867
dl-passages,3b,1113256,Kwiksort,
dl-passages,3b,1113437,Kwiksort,0.2086864941528368
dl-passages,3b,1114646,Kwiksort,0.36769701894981804
dl-passages,3b,1114819,Kwiksort,0.6894300950320805
dl-passages,3b,1115210,Kwiksort,
dl-passages,3b,1115776,Kwiksort,0.17373694891562866
dl-passages,3b,1116380,Kwiksort,
dl-passages,3b,1117099,Kwiksort,0.7040145776401776
dl-passages,3b,1121353,Kwiksort,
dl-passages,3b,1121402,Kwiksort,0.505182099560761
dl-passages,3b,1121709,Kwiksort,
dl-passages,3b,1122767,Kwiksort,
dl-passages,3b,1124210,Kwiksort,0.6638079640559865
dl-passages,3b,1127540,Kwiksort,
dl-passages,3b,1129237,Kwiksort,0.32501251973015405
dl-passages,3b,1131069,Kwiksort,
dl-passages,3b,1132532,Kwiksort,
dl-passages,3b,1133167,Kwiksort,0.6802048870707543
dl-passages,3b,1133579,Kwiksort,
dl-passages,3b,1136043,Kwiksort,
dl-passages,3b,1136047,Kwiksort,
dl-passages,3b,1136962,Kwiksort,
dl-passages,3b,19335,Greedy,0.4837918273488168
dl-passages,3b,23849,Greedy,
dl-passages,3b,42255,Greedy,
dl-passages,3b,47210,Greedy,
dl-passages,3b,47923,Greedy,0.6265985544019826
dl-passages,3b,67316,Greedy,
dl-passages,3b,87181,Greedy,0.9668728882728055
dl-passages,3b,87452,Greedy,0.4323411795259992
dl-passages,3b,104861,Greedy,1.0
dl-passages,3b,118440,Greedy,
dl-passages,3b,121171,Greedy,
dl-passages,3b,130510,Greedy,0.9490923113004182
dl-passages,3b,131843,Greedy,0.9305687780632227
dl-passages,3b,135802,Greedy,
dl-passages,3b,141630,Greedy,
dl-passages,3b,146187,Greedy,0.9667827646187929
dl-passages,3b,148538,Greedy,0.09376757380920883
dl-passages,3b,156493,Greedy,0.9008636626471189
dl-passages,3b,156498,Greedy,
dl-passages,3b,168216,Greedy,0.977915258848537
dl-passages,3b,169208,Greedy,
dl-passages,3b,174463,Greedy,
dl-passages,3b,182539,Greedy,0.5898129244152602
dl-passages,3b,183378,Greedy,1.0
dl-passages,3b,207786,Greedy,0.8448653845904917
dl-passages,3b,258062,Greedy,
dl-passages,3b,264014,Greedy,0.7767125498157068
dl-passages,3b,324585,Greedy,
dl-passages,3b,330975,Greedy,
dl-passages,3b,332593,Greedy,
dl-passages,3b,336901,Greedy,
dl-passages,3b,359349,Greedy,0.8038441998543442
dl-passages,3b,390360,Greedy,
dl-passages,3b,405163,Greedy,
dl-passages,3b,405717,Greedy,0.5799707660823396
dl-passages,3b,443396,Greedy,0.5078042369572632
dl-passages,3b,451602,Greedy,0.5172555114806
dl-passages,3b,489204,Greedy,0.2613169563498818
dl-passages,3b,490595,Greedy,0.6047581342127044
dl-passages,3b,527433,Greedy,0.5972236360805542
dl-passages,3b,555530,Greedy,
dl-passages,3b,573724,Greedy,0.5263001845309235
dl-passages,3b,583468,Greedy,
dl-passages,3b,640502,Greedy,
dl-passages,3b,673670,Greedy,
dl-passages,3b,701453,Greedy,
dl-passages,3b,730539,Greedy,
dl-passages,3b,768208,Greedy,
dl-passages,3b,833860,Greedy,0.8282373296751729
dl-passages,3b,855410,Greedy,
dl-passages,3b,877809,Greedy,
dl-passages,3b,911232,Greedy,
dl-passages,3b,914916,Greedy,
dl-passages,3b,915593,Greedy,0.8790059144435015
dl-passages,3b,938400,Greedy,
dl-passages,3b,940547,Greedy,
dl-passages,3b,962179,Greedy,0.9363792118010482
dl-passages,3b,997622,Greedy,
dl-passages,3b,1030303,Greedy,
dl-passages,3b,1037496,Greedy,
dl-passages,3b,1037798,Greedy,0.4729585144663893
dl-passages,3b,1043135,Greedy,
dl-passages,3b,1051399,Greedy,
dl-passages,3b,1063750,Greedy,0.3868755948913412
dl-passages,3b,1064670,Greedy,
dl-passages,3b,1071750,Greedy,
dl-passages,3b,1103812,Greedy,0.5992794634475394
dl-passages,3b,1105792,Greedy,
dl-passages,3b,1106007,Greedy,0.6159085617394748
dl-passages,3b,1106979,Greedy,
dl-passages,3b,1108651,Greedy,
dl-passages,3b,1109707,Greedy,
dl-passages,3b,1110199,Greedy,0.5712100779391803
dl-passages,3b,1110678,Greedy,
dl-passages,3b,1112341,Greedy,0.813448314998608
dl-passages,3b,1113256,Greedy,
dl-passages,3b,1113437,Greedy,0.5397022491383376
dl-passages,3b,1114646,Greedy,0.8443780653620165
dl-passages,3b,1114819,Greedy,0.8635757616131657
dl-passages,3b,1115210,Greedy,
dl-passages,3b,1115776,Greedy,0.8650427886097717
dl-passages,3b,1116380,Greedy,
dl-passages,3b,1117099,Greedy,1.0
dl-passages,3b,1121353,Greedy,
dl-passages,3b,1121402,Greedy,1.0
dl-passages,3b,1121709,Greedy,0.14982420171299154
dl-passages,3b,1122767,Greedy,
dl-passages,3b,1124210,Greedy,0.7889629468789127
dl-passages,3b,1127540,Greedy,
dl-passages,3b,1129237,Greedy,0.7736764032724058
dl-passages,3b,1131069,Greedy,
dl-passages,3b,1132532,Greedy,
dl-passages,3b,1133167,Greedy,0.8318196274900602
dl-passages,3b,1133579,Greedy,
dl-passages,3b,1136043,Greedy,
dl-passages,3b,1136047,Greedy,
dl-passages,3b,1136962,Greedy,
dl-passages,3b,19335,PageRank,0.6123333472223277
dl-passages,3b,23849,PageRank,
dl-passages,3b,42255,PageRank,
dl-passages,3b,47210,PageRank,
dl-passages,3b,47923,PageRank,0.6236346915175114
dl-passages,3b,67316,PageRank,
dl-passages,3b,87181,PageRank,0.968189605900524
dl-passages,3b,87452,PageRank,0.5296559412050162
dl-passages,3b,104861,PageRank,1.0
dl-passages,3b,118440,PageRank,
dl-passages,3b,121171,PageRank,
dl-passages,3b,130510,PageRank,0.9304288707760507
dl-passages,3b,131843,PageRank,0.9363792118010482
dl-passages,3b,135802,PageRank,
dl-passages,3b,141630,PageRank,
dl-passages,3b,146187,PageRank,0.8062003591910601
dl-passages,3b,148538,PageRank,0.14989614967279768
dl-passages,3b,156493,PageRank,0.9008636626471189
dl-passages,3b,156498,PageRank,
dl-passages,3b,168216,PageRank,0.8639756062429027
dl-passages,3b,169208,PageRank,
dl-passages,3b,174463,PageRank,
dl-passages,3b,182539,PageRank,0.5952839465656015
dl-passages,3b,183378,PageRank,1.0
dl-passages,3b,207786,PageRank,0.7427656079664491
dl-passages,3b,258062,PageRank,
dl-passages,3b,264014,PageRank,0.8024391598636991
dl-passages,3b,324585,PageRank,
dl-passages,3b,330975,PageRank,
dl-passages,3b,332593,PageRank,
dl-passages,3b,336901,PageRank,
dl-passages,3b,359349,PageRank,0.8540643813081119
dl-passages,3b,390360,PageRank,
dl-passages,3b,405163,PageRank,
dl-passages,3b,405717,PageRank,0.492098834566162
dl-passages,3b,443396,PageRank,0.5024154794138638
dl-passages,3b,451602,PageRank,0.6880468866061245
dl-passages,3b,489204,PageRank,0.3108851250263223
dl-passages,3b,490595,PageRank,0.5112181494358572
dl-passages,3b,527433,PageRank,0.4622859098463807
dl-passages,3b,555530,PageRank,
dl-passages,3b,573724,PageRank,0.6405568373158335
dl-passages,3b,583468,PageRank,
dl-passages,3b,640502,PageRank,
dl-passages,3b,673670,PageRank,
dl-passages,3b,701453,PageRank,
dl-passages,3b,730539,PageRank,
dl-passages,3b,768208,PageRank,
dl-passages,3b,833860,PageRank,0.8261405057626424
dl-passages,3b,855410,PageRank,
dl-passages,3b,877809,PageRank,
dl-passages,3b,911232,PageRank,
dl-passages,3b,914916,PageRank,
dl-passages,3b,915593,PageRank,0.9349369997364463
dl-passages,3b,938400,PageRank,
dl-passages,3b,940547,PageRank,
dl-passages,3b,962179,PageRank,0.8863992957602966
dl-passages,3b,997622,PageRank,
dl-passages,3b,1030303,PageRank,
dl-passages,3b,1037496,PageRank,
dl-passages,3b,1037798,PageRank,0.46570821928495193
dl-passages,3b,1043135,PageRank,
dl-passages,3b,1051399,PageRank,
dl-passages,3b,1063750,PageRank,0.4183023539791991
dl-passages,3b,1064670,PageRank,
dl-passages,3b,1071750,PageRank,
dl-passages,3b,1103812,PageRank,0.5957370137579115
dl-passages,3b,1105792,PageRank,
dl-passages,3b,1106007,PageRank,0.45457184285358415
dl-passages,3b,1106979,PageRank,
dl-passages,3b,1108651,PageRank,
dl-passages,3b,1109707,PageRank,
dl-passages,3b,1110199,PageRank,0.5978722920676532
dl-passages,3b,1110678,PageRank,
dl-passages,3b,1112341,PageRank,0.7669043901308944
dl-passages,3b,1113256,PageRank,
dl-passages,3b,1113437,PageRank,0.29932328980045403
dl-passages,3b,1114646,PageRank,0.7668479200605561
dl-passages,3b,1114819,PageRank,0.8524332747554562
dl-passages,3b,1115210,PageRank,
dl-passages,3b,1115776,PageRank,0.895513034212001
dl-passages,3b,1116380,PageRank,
dl-passages,3b,1117099,PageRank,1.0
dl-passages,3b,1121353,PageRank,
dl-passages,3b,1121402,PageRank,0.968189605900524
dl-passages,3b,1121709,PageRank,0.14982420171299154
dl-passages,3b,1122767,PageRank,
dl-passages,3b,1124210,PageRank,0.8085258451331193
dl-passages,3b,1127540,PageRank,
dl-passages,3b,1129237,PageRank,0.8307078519737277
dl-passages,3b,1131069,PageRank,
dl-passages,3b,1132532,PageRank,
dl-passages,3b,1133167,PageRank,0.7627940171314406
dl-passages,3b,1133579,PageRank,
dl-passages,3b,1136043,PageRank,
dl-passages,3b,1136047,PageRank,
dl-passages,3b,1136962,PageRank,
cw09,3b,1,Bradley-Terry,0.38720975494862503
cw09,3b,2,Bradley-Terry,0.7249436881863828
cw09,3b,3,Bradley-Terry,0.6514487487715042
cw09,3b,4,Bradley-Terry,
cw09,3b,5,Bradley-Terry,0.5253088212207928
cw09,3b,6,Bradley-Terry,
cw09,3b,7,Bradley-Terry,0.5990548920169804
cw09,3b,8,Bradley-Terry,0.1670257223321078
cw09,3b,9,Bradley-Terry,0.510235289451865
cw09,3b,10,Bradley-Terry,0.5166146494434314
cw09,3b,11,Bradley-Terry,0.36178064580324876
cw09,3b,12,Bradley-Terry,
cw09,3b,13,Bradley-Terry,0.2444521888215188
cw09,3b,14,Bradley-Terry,0.4926112596101381
cw09,3b,15,Bradley-Terry,0.6699309392010205
cw09,3b,16,Bradley-Terry,0.08514311764162098
cw09,3b,17,Bradley-Terry,0.38176926174468007
cw09,3b,18,Bradley-Terry,0.7258464419249705
cw09,3b,19,Bradley-Terry,
cw09,3b,20,Bradley-Terry,
cw09,3b,21,Bradley-Terry,0.6136585982283222
cw09,3b,22,Bradley-Terry,0.6414784264084186
cw09,3b,23,Bradley-Terry,0.32320092332041817
cw09,3b,24,Bradley-Terry,0.34406772770754673
cw09,3b,25,Bradley-Terry,0.413245828359309
cw09,3b,26,Bradley-Terry,0.3285396977331824
cw09,3b,27,Bradley-Terry,0.631223491894652
cw09,3b,28,Bradley-Terry,0.9608008655106622
cw09,3b,29,Bradley-Terry,0.0813675121926939
cw09,3b,30,Bradley-Terry,0.482548942676542
cw09,3b,31,Bradley-Terry,0.3440548971703411
cw09,3b,32,Bradley-Terry,0.27215109494470446
cw09,3b,33,Bradley-Terry,0.5856646424756495
cw09,3b,34,Bradley-Terry,0.5351380549592841
cw09,3b,35,Bradley-Terry,0.7007036574176685
cw09,3b,36,Bradley-Terry,0.8464926348287672
cw09,3b,37,Bradley-Terry,
cw09,3b,38,Bradley-Terry,0.4035843853921737
cw09,3b,39,Bradley-Terry,0.4155418258108725
cw09,3b,40,Bradley-Terry,0.17535178734306403
cw09,3b,41,Bradley-Terry,0.7396910683916558
cw09,3b,42,Bradley-Terry,0.6288448972835471
cw09,3b,43,Bradley-Terry,0.5732161694179142
cw09,3b,44,Bradley-Terry,0.591375995370342
cw09,3b,45,Bradley-Terry,0.33009835932331705
cw09,3b,46,Bradley-Terry,0.7681290381596588
cw09,3b,47,Bradley-Terry,0.931507644850844
cw09,3b,48,Bradley-Terry,
cw09,3b,49,Bradley-Terry,0.3065318391836536
cw09,3b,50,Bradley-Terry,
cw09,3b,51,Bradley-Terry,0.48780065819009716
cw09,3b,52,Bradley-Terry,0.11004588314904008
cw09,3b,53,Bradley-Terry,0.3210238402959448
cw09,3b,54,Bradley-Terry,0.7951657524814091
cw09,3b,55,Bradley-Terry,0.2073514209582485
cw09,3b,56,Bradley-Terry,0.13886244387355454
cw09,3b,57,Bradley-Terry,0.4016114158395303
cw09,3b,58,Bradley-Terry,0.8011830448855763
cw09,3b,59,Bradley-Terry,0.7012613856063047
cw09,3b,60,Bradley-Terry,0.6212166613240645
cw09,3b,61,Bradley-Terry,0.16115080936628123
cw09,3b,62,Bradley-Terry,0.14163830503027902
cw09,3b,63,Bradley-Terry,0.13847633192766576
cw09,3b,64,Bradley-Terry,0.5591293838995373
cw09,3b,65,Bradley-Terry,0.6691804070054819
cw09,3b,66,Bradley-Terry,0.13930252418275174
cw09,3b,67,Bradley-Terry,0.7842289772937577
cw09,3b,68,Bradley-Terry,0.1378374535122002
cw09,3b,69,Bradley-Terry,
cw09,3b,70,Bradley-Terry,0.14982420171299154
cw09,3b,71,Bradley-Terry,0.2912590003111916
cw09,3b,72,Bradley-Terry,0.7755148688535464
cw09,3b,73,Bradley-Terry,0.4108319158773591
cw09,3b,74,Bradley-Terry,0.03181039409947586
cw09,3b,75,Bradley-Terry,0.5426183274476513
cw09,3b,76,Bradley-Terry,0.28451840365333814
cw09,3b,77,Bradley-Terry,
cw09,3b,78,Bradley-Terry,0.35715015004839196
cw09,3b,79,Bradley-Terry,0.3363303364510109
cw09,3b,80,Bradley-Terry,0.6830838076905165
cw09,3b,81,Bradley-Terry,0.3690857702973044
cw09,3b,82,Bradley-Terry,0.43486146151705696
cw09,3b,83,Bradley-Terry,0.6204851443336401
cw09,3b,84,Bradley-Terry,0.6313170286316895
cw09,3b,85,Bradley-Terry,
cw09,3b,86,Bradley-Terry,0.6685531086608841
cw09,3b,87,Bradley-Terry,0.26269095493969313
cw09,3b,88,Bradley-Terry,0.0942220760638577
cw09,3b,89,Bradley-Terry,0.6194274225257377
cw09,3b,90,Bradley-Terry,0.5225566474048126
cw09,3b,91,Bradley-Terry,0.5
cw09,3b,92,Bradley-Terry,0.46302640249913174
cw09,3b,93,Bradley-Terry,0.028656828138702118
cw09,3b,94,Bradley-Terry,
cw09,3b,96,Bradley-Terry,0.19374333932069557
cw09,3b,97,Bradley-Terry,0.6501218385546277
cw09,3b,98,Bradley-Terry,0.5240696836201887
cw09,3b,99,Bradley-Terry,0.43922831923128125
cw09,3b,101,Bradley-Terry,0.49896232411717206
cw09,3b,102,Bradley-Terry,0.6669007094696512
cw09,3b,103,Bradley-Terry,0.9016636008326595
cw09,3b,104,Bradley-Terry,0.41939799988819815
cw09,3b,105,Bradley-Terry,0.5870766980718827
cw09,3b,106,Bradley-Terry,
cw09,3b,107,Bradley-Terry,0.24646482989802976
cw09,3b,108,Bradley-Terry,0.49761120592781305
cw09,3b,109,Bradley-Terry,0.07839826897867533
cw09,3b,110,Bradley-Terry,0.3199178556114081
cw09,3b,111,Bradley-Terry,0.30157719921022785
cw09,3b,112,Bradley-Terry,
cw09,3b,113,Bradley-Terry,
cw09,3b,114,Bradley-Terry,0.30381689261329187
cw09,3b,115,Bradley-Terry,
cw09,3b,116,Bradley-Terry,1.0
cw09,3b,117,Bradley-Terry,0.4527328361638134
cw09,3b,118,Bradley-Terry,0.6689431288271599
cw09,3b,119,Bradley-Terry,0.10882578227519953
cw09,3b,120,Bradley-Terry,0.18011233330479415
cw09,3b,121,Bradley-Terry,0.8755458364887027
cw09,3b,122,Bradley-Terry,0.15247973277708202
cw09,3b,123,Bradley-Terry,0.8176278706344277
cw09,3b,124,Bradley-Terry,0.337426227327789
cw09,3b,125,Bradley-Terry,0.12904252122684198
cw09,3b,126,Bradley-Terry,
cw09,3b,127,Bradley-Terry,0.17592225576333181
cw09,3b,128,Bradley-Terry,0.5950378358421773
cw09,3b,129,Bradley-Terry,0.7490158848491278
cw09,3b,130,Bradley-Terry,0.37574719213263447
cw09,3b,131,Bradley-Terry,0.08496222371545518
cw09,3b,132,Bradley-Terry,0.32423859920324605
cw09,3b,133,Bradley-Terry,0.8200685179888282
cw09,3b,134,Bradley-Terry,0.46664232174566633
cw09,3b,135,Bradley-Terry,0.4776237035032179
cw09,3b,136,Bradley-Terry,
cw09,3b,137,Bradley-Terry,0.3664003675106331
cw09,3b,138,Bradley-Terry,0.6371130896657825
cw09,3b,139,Bradley-Terry,0.21324101872937895
cw09,3b,140,Bradley-Terry,0.44297242984823826
cw09,3b,141,Bradley-Terry,
cw09,3b,142,Bradley-Terry,0.22009176629808017
cw09,3b,143,Bradley-Terry,0.8006937664098819
cw09,3b,144,Bradley-Terry,0.5689640144742172
cw09,3b,145,Bradley-Terry,0.24496543427085396
cw09,3b,146,Bradley-Terry,0.33576859245609875
cw09,3b,147,Bradley-Terry,0.8250166110242895
cw09,3b,148,Bradley-Terry,0.35028777489906215
cw09,3b,149,Bradley-Terry,0.37850091886658266
cw09,3b,150,Bradley-Terry,0.3903800499921017
cw09,3b,151,Bradley-Terry,0.5079529404072307
cw09,3b,152,Bradley-Terry,0.035660844097906944
cw09,3b,153,Bradley-Terry,0.32242141971694227
cw09,3b,154,Bradley-Terry,0.3159517038030018
cw09,3b,155,Bradley-Terry,0.25413809975099444
cw09,3b,156,Bradley-Terry,0.3014917639700608
cw09,3b,157,Bradley-Terry,0.0578370597199366
cw09,3b,158,Bradley-Terry,0.0715864974381173
cw09,3b,159,Bradley-Terry,0.18943806587931608
cw09,3b,160,Bradley-Terry,
cw09,3b,161,Bradley-Terry,
cw09,3b,162,Bradley-Terry,0.13414356056111912
cw09,3b,163,Bradley-Terry,0.3489141390999076
cw09,3b,164,Bradley-Terry,0.46392645631755636
cw09,3b,165,Bradley-Terry,0.35591735702422617
cw09,3b,166,Bradley-Terry,
cw09,3b,167,Bradley-Terry,0.3021819143893426
cw09,3b,168,Bradley-Terry,0.3609060424524528
cw09,3b,169,Bradley-Terry,
cw09,3b,170,Bradley-Terry,
cw09,3b,171,Bradley-Terry,0.4424051962414227
cw09,3b,172,Bradley-Terry,0.1908089296254229
cw09,3b,173,Bradley-Terry,0.3161569331126629
cw09,3b,174,Bradley-Terry,0.3510684246681534
cw09,3b,175,Bradley-Terry,0.5099145642521503
cw09,3b,176,Bradley-Terry,0.15330688950725804
cw09,3b,177,Bradley-Terry,
cw09,3b,178,Bradley-Terry,0.2685529228900211
cw09,3b,179,Bradley-Terry,
cw09,3b,180,Bradley-Terry,0.10704186154286913
cw09,3b,181,Bradley-Terry,0.10597319392448895
cw09,3b,182,Bradley-Terry,0.12791270404369753
cw09,3b,183,Bradley-Terry,0.06619729927858367
cw09,3b,184,Bradley-Terry,0.5559026721867443
cw09,3b,185,Bradley-Terry,0.14330888568297231
cw09,3b,186,Bradley-Terry,0.4818044632494876
cw09,3b,187,Bradley-Terry,0.19124735561067926
cw09,3b,188,Bradley-Terry,
cw09,3b,189,Bradley-Terry,0.5558629457003194
cw09,3b,190,Bradley-Terry,0.1891220148856763
cw09,3b,191,Bradley-Terry,0.1143879316142196
cw09,3b,192,Bradley-Terry,0.5875502863571089
cw09,3b,193,Bradley-Terry,0.3814410670585461
cw09,3b,194,Bradley-Terry,0.1828763944319546
cw09,3b,195,Bradley-Terry,
cw09,3b,196,Bradley-Terry,0.1736912790150747
cw09,3b,197,Bradley-Terry,0.5867502720116223
cw09,3b,198,Bradley-Terry,0.15826786901486958
cw09,3b,199,Bradley-Terry,0.4053041653310161
cw09,3b,200,Bradley-Terry,0.5041522843112124
cw09,3b,1,Additive,0.2635336032583712
cw09,3b,2,Additive,0.6878838762966054
cw09,3b,3,Additive,0.6750640951755423
cw09,3b,4,Additive,
cw09,3b,5,Additive,0.5386440850594734
cw09,3b,6,Additive,
cw09,3b,7,Additive,0.5657453552987732
cw09,3b,8,Additive,0.16113612456097734
cw09,3b,9,Additive,0.8277488553749334
cw09,3b,10,Additive,0.5644702983641103
cw09,3b,11,Additive,0.5946599850020801
cw09,3b,12,Additive,
cw09,3b,13,Additive,0.15423215925316427
cw09,3b,14,Additive,0.5372327844080462
cw09,3b,15,Additive,0.7068039756643442
cw09,3b,16,Additive,0.14185627724851593
cw09,3b,17,Additive,0.4148861808827167
cw09,3b,18,Additive,0.5325985985096772
cw09,3b,19,Additive,
cw09,3b,20,Additive,
cw09,3b,21,Additive,0.803120781176964
cw09,3b,22,Additive,0.6630036655470622
cw09,3b,23,Additive,0.3563280350476127
cw09,3b,24,Additive,0.5025815819732237
cw09,3b,25,Additive,0.35013975046968987
cw09,3b,26,Additive,0.3486963659618938
cw09,3b,27,Additive,0.6234164876284694
cw09,3b,28,Additive,0.7139613474769541
cw09,3b,29,Additive,0.04236776600349706
cw09,3b,30,Additive,0.5231636038888048
cw09,3b,31,Additive,0.2871240015735127
cw09,3b,32,Additive,0.07920457628425125
cw09,3b,33,Additive,0.5610949643366632
cw09,3b,34,Additive,0.47881293878164427
cw09,3b,35,Additive,0.7248852921273997
cw09,3b,36,Additive,0.8002155643080512
cw09,3b,37,Additive,
cw09,3b,38,Additive,0.47450164766255015
cw09,3b,39,Additive,0.4490381379555335
cw09,3b,40,Additive,0.17394571309288256
cw09,3b,41,Additive,0.7036587397955485
cw09,3b,42,Additive,0.7913437963486575
cw09,3b,43,Additive,0.6246813519739746
cw09,3b,44,Additive,0.41397715174615474
cw09,3b,45,Additive,0.4223695502532102
cw09,3b,46,Additive,0.7820766538361253
cw09,3b,47,Additive,0.8236681307829782
cw09,3b,48,Additive,0.038356439954197026
cw09,3b,49,Additive,0.4761982807786487
cw09,3b,50,Additive,
cw09,3b,51,Additive,0.4840781513228682
cw09,3b,52,Additive,
cw09,3b,53,Additive,0.30962499077479544
cw09,3b,54,Additive,1.0
cw09,3b,55,Additive,0.2618080742270754
cw09,3b,56,Additive,0.08514311764162098
cw09,3b,57,Additive,0.4403243280716031
cw09,3b,58,Additive,0.8478333285894866
cw09,3b,59,Additive,0.7090111173845002
cw09,3b,60,Additive,0.6865353960552941
cw09,3b,61,Additive,0.14975236430600836
cw09,3b,62,Additive,0.20570869845291925
cw09,3b,63,Additive,0.04018236723749466
cw09,3b,64,Additive,0.5310915475191476
cw09,3b,65,Additive,0.6885806123642745
cw09,3b,66,Additive,0.07592885169599868
cw09,3b,67,Additive,0.8230597134157418
cw09,3b,68,Additive,0.0884104856384034
cw09,3b,69,Additive,
cw09,3b,70,Additive,0.14982420171299154
cw09,3b,71,Additive,0.3001985350326681
cw09,3b,72,Additive,0.8145541331097471
cw09,3b,73,Additive,0.4855917196377427
cw09,3b,74,Additive,0.034715610968388634
cw09,3b,75,Additive,0.48791230811719705
cw09,3b,76,Additive,0.2371756481584347
cw09,3b,77,Additive,
cw09,3b,78,Additive,0.4072093633094873
cw09,3b,79,Additive,0.2676089478795716
cw09,3b,80,Additive,0.9305687780632227
cw09,3b,81,Additive,0.32109336333445043
cw09,3b,82,Additive,0.3370057868934612
cw09,3b,83,Additive,0.6110795541245936
cw09,3b,84,Additive,0.6464810106741413
cw09,3b,85,Additive,
cw09,3b,86,Additive,0.6940839732148782
cw09,3b,87,Additive,0.2727505055462007
cw09,3b,88,Additive,0.11972042840130757
cw09,3b,89,Additive,0.977915258848537
cw09,3b,90,Additive,0.5542399644042607
cw09,3b,91,Additive,0.5318103940994758
cw09,3b,92,Additive,0.45103765371812643
cw09,3b,93,Additive,
cw09,3b,94,Additive,
cw09,3b,96,Additive,0.1872458038144264
cw09,3b,97,Additive,0.7140413135603717
cw09,3b,98,Additive,0.5552544577369608
cw09,3b,99,Additive,0.42371186068696803
cw09,3b,101,Additive,0.47173426263385176
cw09,3b,102,Additive,0.4382357865819876
cw09,3b,103,Additive,0.933745776545611
cw09,3b,104,Additive,0.24573132854020638
cw09,3b,105,Additive,0.759480641945627
cw09,3b,106,Additive,0.08879873949105596
cw09,3b,107,Additive,0.4400342300481208
cw09,3b,108,Additive,0.6411577012087039
cw09,3b,109,Additive,0.09478836436955078
cw09,3b,110,Additive,0.31005750730366605
cw09,3b,111,Additive,0.30413889353689927
cw09,3b,112,Additive,
cw09,3b,113,Additive,
cw09,3b,114,Additive,0.30734064934446864
cw09,3b,115,Additive,
cw09,3b,116,Additive,1.0
cw09,3b,117,Additive,0.44942956209842416
cw09,3b,118,Additive,0.5914777141615228
cw09,3b,119,Additive,0.42021722679557794
cw09,3b,120,Additive,0.15192816345288027
cw09,3b,121,Additive,0.9057779239361422
cw09,3b,122,Additive,
cw09,3b,123,Additive,0.6523860733925986
cw09,3b,124,Additive,0.2891042799487654
cw09,3b,125,Additive,0.0637746369639018
cw09,3b,126,Additive,
cw09,3b,127,Additive,0.03668196104968002
cw09,3b,128,Additive,0.4185401110483352
cw09,3b,129,Additive,0.6037457407573942
cw09,3b,130,Additive,0.37574719213263447
cw09,3b,131,Additive,0.1192595584682712
cw09,3b,132,Additive,0.2822970277741067
cw09,3b,133,Additive,0.8701249883466592
cw09,3b,134,Additive,0.3379841448267984
cw09,3b,135,Additive,0.3379680345449381
cw09,3b,136,Additive,0.1530187522989332
cw09,3b,137,Additive,0.39756340066476814
cw09,3b,138,Additive,0.5626475208496899
cw09,3b,139,Additive,0.21324101872937895
cw09,3b,140,Additive,0.42104199400651765
cw09,3b,141,Additive,
cw09,3b,142,Additive,0.22009176629808017
cw09,3b,143,Additive,0.7104770117651426
cw09,3b,144,Additive,0.582109793153164
cw09,3b,145,Additive,0.308232367127051
cw09,3b,146,Additive,0.3053157659172755
cw09,3b,147,Additive,0.744641799375165
cw09,3b,148,Additive,0.33942489138654675
cw09,3b,149,Additive,0.25469837558210445
cw09,3b,150,Additive,
cw09,3b,151,Additive,0.5509543506051995
cw09,3b,152,Additive,
cw09,3b,153,Additive,0.3031716350809599
cw09,3b,154,Additive,0.40543449888181093
cw09,3b,155,Additive,0.17498338897571045
cw09,3b,156,Additive,0.33639566209492994
cw09,3b,157,Additive,0.05892905554841763
cw09,3b,158,Additive,0.05502294157452004
cw09,3b,159,Additive,0.1487639058405727
cw09,3b,160,Additive,
cw09,3b,161,Additive,
cw09,3b,162,Additive,0.29673051330995215
cw09,3b,163,Additive,0.5697121908719032
cw09,3b,164,Additive,0.20483424751859086
cw09,3b,165,Additive,0.44012112864249103
cw09,3b,166,Additive,
cw09,3b,167,Additive,0.3415801668878868
cw09,3b,168,Additive,0.4185331453152629
cw09,3b,169,Additive,0.11109347610610394
cw09,3b,170,Additive,
cw09,3b,171,Additive,0.48289223953381394
cw09,3b,172,Additive,0.20990890296552295
cw09,3b,173,Additive,0.24599052858185635
cw09,3b,174,Additive,0.42333070005078094
cw09,3b,175,Additive,0.6112816871079801
cw09,3b,176,Additive,0.15663644636969712
cw09,3b,177,Additive,
cw09,3b,178,Additive,0.284449351231739
cw09,3b,179,Additive,
cw09,3b,180,Additive,0.10797262293219943
cw09,3b,181,Additive,0.10597319392448895
cw09,3b,182,Additive,0.16981608151969793
cw09,3b,183,Additive,0.08977725304875586
cw09,3b,184,Additive,0.5462574254588144
cw09,3b,185,Additive,0.09867334901676128
cw09,3b,186,Additive,0.5363321806630534
cw09,3b,187,Additive,0.22505265672440827
cw09,3b,188,Additive,
cw09,3b,189,Additive,0.5355710800415147
cw09,3b,190,Additive,0.07015764472201493
cw09,3b,191,Additive,0.1143879316142196
cw09,3b,192,Additive,0.21688885474003491
cw09,3b,193,Additive,0.465487757178264
cw09,3b,194,Additive,0.15752115221365287
cw09,3b,195,Additive,
cw09,3b,196,Additive,0.1987208331680141
cw09,3b,197,Additive,0.5402752962181537
cw09,3b,198,Additive,0.05654684911719397
cw09,3b,199,Additive,0.41817335099968245
cw09,3b,200,Additive,0.36189649990331424
cw09,3b,1,Kwiksort,0.6710506888131277
cw09,3b,2,Kwiksort,0.5758810955390177
cw09,3b,3,Kwiksort,0.37433157776857895
cw09,3b,4,Kwiksort,0.06943122193677727
cw09,3b,5,Kwiksort,0.053905577064733715
cw09,3b,6,Kwiksort,0.08815005330171456
cw09,3b,7,Kwiksort,0.332586234238637
cw09,3b,8,Kwiksort,0.46065020313324223
cw09,3b,9,Kwiksort,0.42958170780577615
cw09,3b,10,Kwiksort,0.37433157776857895
cw09,3b,11,Kwiksort,0.34207962491849225
cw09,3b,12,Kwiksort,0.29025978496956456
cw09,3b,13,Kwiksort,0.15423215925316427
cw09,3b,14,Kwiksort,0.36877650810534796
cw09,3b,15,Kwiksort,0.7654999533396626
cw09,3b,16,Kwiksort,0.2236942887882045
cw09,3b,17,Kwiksort,0.4257074037021764
cw09,3b,18,Kwiksort,0.7353797772725617
cw09,3b,19,Kwiksort,
cw09,3b,20,Kwiksort,
cw09,3b,21,Kwiksort,0.35313094589660354
cw09,3b,22,Kwiksort,0.42151237439886186
cw09,3b,23,Kwiksort,0.2910024857916872
cw09,3b,24,Kwiksort,0.20285243248997264
cw09,3b,25,Kwiksort,0.4904048905289639
cw09,3b,26,Kwiksort,0.3553797157872476
cw09,3b,27,Kwiksort,0.5159160734036194
cw09,3b,28,Kwiksort,0.933745776545611
cw09,3b,29,Kwiksort,0.219965244985609
cw09,3b,30,Kwiksort,0.42672834421907696
cw09,3b,31,Kwiksort,0.45181497545697547
cw09,3b,32,Kwiksort,0.1689920724133992
cw09,3b,33,Kwiksort,0.5471669937220981
cw09,3b,34,Kwiksort,0.2409499202625778
cw09,3b,35,Kwiksort,0.29630250920737
cw09,3b,36,Kwiksort,0.5532879600704806
cw09,3b,37,Kwiksort,
cw09,3b,38,Kwiksort,0.36428279199524105
cw09,3b,39,Kwiksort,0.31488013066763093
cw09,3b,40,Kwiksort,0.5771141972709302
cw09,3b,41,Kwiksort,0.6337603103962112
cw09,3b,42,Kwiksort,0.12973219059467986
cw09,3b,43,Kwiksort,0.29746100981655854
cw09,3b,44,Kwiksort,0.32086199475719845
cw09,3b,45,Kwiksort,0.5442719694423432
cw09,3b,46,Kwiksort,0.32738576003457487
cw09,3b,47,Kwiksort,0.44819280790494953
cw09,3b,48,Kwiksort,0.04538697066857469
cw09,3b,49,Kwiksort,0.12761504169186882
cw09,3b,50,Kwiksort,0.19915637326281077
cw09,3b,51,Kwiksort,0.33271911031186524
cw09,3b,52,Kwiksort,0.16311746662453688
cw09,3b,53,Kwiksort,0.32686930816145754
cw09,3b,54,Kwiksort,0.6613633130236545
cw09,3b,55,Kwiksort,0.49161479881364656
cw09,3b,56,Kwiksort,0.20811050070290496
cw09,3b,57,Kwiksort,0.29858818352959515
cw09,3b,58,Kwiksort,0.691398370107009
cw09,3b,59,Kwiksort,0.39327839964630634
cw09,3b,60,Kwiksort,0.334620642665883
cw09,3b,61,Kwiksort,0.3531507081935263
cw09,3b,62,Kwiksort,0.048951343720214306
cw09,3b,63,Kwiksort,0.09330056740782033
cw09,3b,64,Kwiksort,0.5947715425514313
cw09,3b,65,Kwiksort,0.6042380305135213
cw09,3b,66,Kwiksort,
cw09,3b,67,Kwiksort,0.6542982075294818
cw09,3b,68,Kwiksort,0.04994140057099718
cw09,3b,69,Kwiksort,
cw09,3b,70,Kwiksort,
cw09,3b,71,Kwiksort,0.15011563569563577
cw09,3b,72,Kwiksort,0.44819280790494953
cw09,3b,73,Kwiksort,0.6181765223109117
cw09,3b,74,Kwiksort,0.039199134489337664
cw09,3b,75,Kwiksort,0.3815602569127559
cw09,3b,76,Kwiksort,0.5551900395973338
cw09,3b,77,Kwiksort,
cw09,3b,78,Kwiksort,0.15595114844424365
cw09,3b,79,Kwiksort,0.352871423609559
cw09,3b,80,Kwiksort,0.9216017310213246
cw09,3b,81,Kwiksort,0.41348611910711836
cw09,3b,82,Kwiksort,0.4207830220975147
cw09,3b,83,Kwiksort,0.13028549369740702
cw09,3b,84,Kwiksort,0.858143722751484
cw09,3b,85,Kwiksort,0.04018236723749466
cw09,3b,86,Kwiksort,0.6508364098525439
cw09,3b,87,Kwiksort,0.19492578050501283
cw09,3b,88,Kwiksort,0.23487789750043464
cw09,3b,89,Kwiksort,0.4930286959748557
cw09,3b,90,Kwiksort,0.22824892916202852
cw09,3b,91,Kwiksort,0.5793654312508291
cw09,3b,92,Kwiksort,0.10889339568010444
cw09,3b,93,Kwiksort,0.03127403244801508
cw09,3b,94,Kwiksort,0.08514311764162098
cw09,3b,96,Kwiksort,0.11144519234772333
cw09,3b,97,Kwiksort,0.7031079164371823
cw09,3b,98,Kwiksort,0.24656564679401355
cw09,3b,99,Kwiksort,0.5611255171863935
cw09,3b,101,Kwiksort,0.6044324174268261
cw09,3b,102,Kwiksort,0.31957415958009056
cw09,3b,103,Kwiksort,0.6960687314028853
cw09,3b,104,Kwiksort,0.20483424751859086
cw09,3b,105,Kwiksort,0.30055347352392936
cw09,3b,106,Kwiksort,
cw09,3b,107,Kwiksort,0.06962520285192768
cw09,3b,108,Kwiksort,0.14476149411742872
cw09,3b,109,Kwiksort,
cw09,3b,110,Kwiksort,0.24637150852103537
cw09,3b,111,Kwiksort,0.425908295915703
cw09,3b,112,Kwiksort,
cw09,3b,113,Kwiksort,0.2529427027676571
cw09,3b,114,Kwiksort,0.09181541754729355
cw09,3b,115,Kwiksort,
cw09,3b,116,Kwiksort,0.5817271694072151
cw09,3b,117,Kwiksort,0.3877059798631985
cw09,3b,118,Kwiksort,0.43172801878882533
cw09,3b,119,Kwiksort,0.23308451993741225
cw09,3b,120,Kwiksort,0.13318507347192188
cw09,3b,121,Kwiksort,0.5965764695744042
cw09,3b,122,Kwiksort,0.07989569279756416
cw09,3b,123,Kwiksort,0.49180077218998747
cw09,3b,124,Kwiksort,0.2897748887949223
cw09,3b,125,Kwiksort,0.040018820013562606
cw09,3b,126,Kwiksort,
cw09,3b,127,Kwiksort,0.30589761867840604
cw09,3b,128,Kwiksort,0.3785988060390612
cw09,3b,129,Kwiksort,0.20469663385968734
cw09,3b,130,Kwiksort,0.39106221111607536
cw09,3b,131,Kwiksort,
cw09,3b,132,Kwiksort,0.8497858951269351
cw09,3b,133,Kwiksort,0.9216017310213246
cw09,3b,134,Kwiksort,0.23440650992329987
cw09,3b,135,Kwiksort,
cw09,3b,136,Kwiksort,0.42570162771012265
cw09,3b,137,Kwiksort,0.5051417294235877
cw09,3b,138,Kwiksort,0.3187939258847263
cw09,3b,139,Kwiksort,0.06943122193677727
cw09,3b,140,Kwiksort,0.3324341725240286
cw09,3b,141,Kwiksort,0.034715610968388634
cw09,3b,142,Kwiksort,0.08514311764162098
cw09,3b,143,Kwiksort,0.2032389337527008
cw09,3b,144,Kwiksort,0.44915659211264153
cw09,3b,145,Kwiksort,0.21101571757181775
cw09,3b,146,Kwiksort,0.28192888494377455
cw09,3b,147,Kwiksort,0.7775734852532749
cw09,3b,148,Kwiksort,0.19426323628817185
cw09,3b,149,Kwiksort,0.07839826897867533
cw09,3b,150,Kwiksort,0.2685357229842324
cw09,3b,151,Kwiksort,0.29126502240136554
cw09,3b,152,Kwiksort,
cw09,3b,153,Kwiksort,0.10515199987887006
cw09,3b,154,Kwiksort,0.034715610968388634
cw09,3b,155,Kwiksort,0.3827160388385182
cw09,3b,156,Kwiksort,0.4486760846901602
cw09,3b,157,Kwiksort,
cw09,3b,158,Kwiksort,0.17167879577456477
cw09,3b,159,Kwiksort,0.07336392209936005
cw09,3b,160,Kwiksort,
cw09,3b,161,Kwiksort,
cw09,3b,162,Kwiksort,0.1105301345403024
cw09,3b,163,Kwiksort,0.576333243491575
cw09,3b,164,Kwiksort,0.2532954041105318
cw09,3b,165,Kwiksort,0.4288178236664545
cw09,3b,166,Kwiksort,
cw09,3b,167,Kwiksort,0.4146686773080637
cw09,3b,168,Kwiksort,0.34749545493131456
cw09,3b,169,Kwiksort,0.4337670667647557
cw09,3b,170,Kwiksort,
cw09,3b,171,Kwiksort,0.11114568780548788
cw09,3b,172,Kwiksort,0.24504271787392484
cw09,3b,173,Kwiksort,0.2584819094927101
cw09,3b,174,Kwiksort,0.23656083827778634
cw09,3b,175,Kwiksort,0.6287487616121976
cw09,3b,176,Kwiksort,0.022160383834768135
cw09,3b,177,Kwiksort,
cw09,3b,178,Kwiksort,0.38363315291837646
cw09,3b,179,Kwiksort,
cw09,3b,180,Kwiksort,0.2742840623134147
cw09,3b,181,Kwiksort,
cw09,3b,182,Kwiksort,0.3579703085800246
cw09,3b,183,Kwiksort,0.1402429080577029
cw09,3b,184,Kwiksort,0.06943122193677727
cw09,3b,185,Kwiksort,0.168848910094362
cw09,3b,186,Kwiksort,0.6731192552519735
cw09,3b,187,Kwiksort,0.1723104823515922
cw09,3b,188,Kwiksort,0.04099602756129902
cw09,3b,189,Kwiksort,0.7503359712972109
cw09,3b,190,Kwiksort,0.1977243181041214
cw09,3b,191,Kwiksort,
cw09,3b,192,Kwiksort,0.2920338063422198
cw09,3b,193,Kwiksort,0.3696089354352484
cw09,3b,194,Kwiksort,0.2565788176501856
cw09,3b,195,Kwiksort,
cw09,3b,196,Kwiksort,0.2175312470866648
cw09,3b,197,Kwiksort,0.6361049796860875
cw09,3b,198,Kwiksort,0.15864038886631637
cw09,3b,199,Kwiksort,0.3271396822588465
cw09,3b,200,Kwiksort,0.21976665068659454
cw09,3b,1,Greedy,0.37554583648870266
cw09,3b,2,Greedy,0.6611361245609774
cw09,3b,3,Greedy,0.6870930339383563
cw09,3b,4,Greedy,
cw09,3b,5,Greedy,0.548243222773277
cw09,3b,6,Greedy,0.06362078819895171
cw09,3b,7,Greedy,0.4674014014903228
cw09,3b,8,Greedy,0.2904920754695445
cw09,3b,9,Greedy,0.9182293066898518
cw09,3b,10,Greedy,0.4721128535903632
cw09,3b,11,Greedy,0.6261099809820319
cw09,3b,12,Greedy,
cw09,3b,13,Greedy,0.09456701548023279
cw09,3b,14,Greedy,0.5470550823417595
cw09,3b,15,Greedy,0.771550406077371
cw09,3b,16,Greedy,0.10030274924863172
cw09,3b,17,Greedy,0.5521177247056073
cw09,3b,18,Greedy,0.7523117738512459
cw09,3b,19,Greedy,
cw09,3b,20,Greedy,
cw09,3b,21,Greedy,0.8280104443992509
cw09,3b,22,Greedy,0.573595290676612
cw09,3b,23,Greedy,0.31934738719114036
cw09,3b,24,Greedy,0.5530762365551302
cw09,3b,25,Greedy,0.3565998166610882
cw09,3b,26,Greedy,0.32722298010546375
cw09,3b,27,Greedy,0.5984742310075548
cw09,3b,28,Greedy,0.6432970238082643
cw09,3b,29,Greedy,0.13822781788194832
cw09,3b,30,Greedy,0.5026780284062355
cw09,3b,31,Greedy,0.3874267508221444
cw09,3b,32,Greedy,0.19915637326281077
cw09,3b,33,Greedy,0.6164863042785368
cw09,3b,34,Greedy,0.47206809011869866
cw09,3b,35,Greedy,0.858143722751484
cw09,3b,36,Greedy,0.9182293066898518
cw09,3b,37,Greedy,
cw09,3b,38,Greedy,0.4603336580481022
cw09,3b,39,Greedy,0.4529708381181163
cw09,3b,40,Greedy,0.18780317009677355
cw09,3b,41,Greedy,0.687105864475562
cw09,3b,42,Greedy,0.6718108947337842
cw09,3b,43,Greedy,0.6164863042785368
cw09,3b,44,Greedy,0.41397715174615474
cw09,3b,45,Greedy,0.35462063604259114
cw09,3b,46,Greedy,0.7704650570269042
cw09,3b,47,Greedy,0.8500474841512528
cw09,3b,48,Greedy,0.18520752049799888
cw09,3b,49,Greedy,0.4188414267331521
cw09,3b,50,Greedy,0.034715610968388634
cw09,3b,51,Greedy,0.46604313522472385
cw09,3b,52,Greedy,0.042413858799301145
cw09,3b,53,Greedy,0.30314162751767587
cw09,3b,54,Greedy,0.9216017310213246
cw09,3b,55,Greedy,0.2835149363066189
cw09,3b,56,Greedy,0.06362078819895171
cw09,3b,57,Greedy,0.4618702058371845
cw09,3b,58,Greedy,0.8478333285894866
cw09,3b,59,Greedy,0.6982080723036641
cw09,3b,60,Greedy,0.5177257486329075
cw09,3b,61,Greedy,0.14975236430600836
cw09,3b,62,Greedy,0.15999267693870667
cw09,3b,63,Greedy,0.03323433267192209
cw09,3b,64,Greedy,0.6642541276289925
cw09,3b,65,Greedy,0.6846050015287846
cw09,3b,66,Greedy,0.05274731545429701
cw09,3b,67,Greedy,0.7605492223561534
cw09,3b,68,Greedy,0.0433089068463821
cw09,3b,69,Greedy,
cw09,3b,70,Greedy,0.07491210085649577
cw09,3b,71,Greedy,0.30804338373858586
cw09,3b,72,Greedy,0.787222810668719
cw09,3b,73,Greedy,0.45378132553826694
cw09,3b,74,Greedy,0.034715610968388634
cw09,3b,75,Greedy,0.7506164786363887
cw09,3b,76,Greedy,0.2616676570075611
cw09,3b,77,Greedy,
cw09,3b,78,Greedy,0.4046246046543878
cw09,3b,79,Greedy,0.2544158704401665
cw09,3b,80,Greedy,0.8454256604216017
cw09,3b,81,Greedy,0.35422047506164495
cw09,3b,82,Greedy,0.30757273489211456
cw09,3b,83,Greedy,0.6251427412115136
cw09,3b,84,Greedy,0.49891338053093276
cw09,3b,85,Greedy,
cw09,3b,86,Greedy,0.6239448560924435
cw09,3b,87,Greedy,0.22064641043431574
cw09,3b,88,Greedy,0.07925351987049051
cw09,3b,89,Greedy,1.0
cw09,3b,90,Greedy,0.7259325747192052
cw09,3b,91,Greedy,0.5318103940994758
cw09,3b,92,Greedy,0.4556007391700132
cw09,3b,93,Greedy,
cw09,3b,94,Greedy,
cw09,3b,96,Greedy,0.22919191932430882
cw09,3b,97,Greedy,0.818565997305635
cw09,3b,98,Greedy,0.5298344958142638
cw09,3b,99,Greedy,0.45295229473778587
cw09,3b,101,Greedy,0.47117398680274175
cw09,3b,102,Greedy,0.7831605534961324
cw09,3b,103,Greedy,0.905211635630449
cw09,3b,104,Greedy,0.284449351231739
cw09,3b,105,Greedy,0.7553544384760387
cw09,3b,106,Greedy,0.08473553200699412
cw09,3b,107,Greedy,0.4578182177193654
cw09,3b,108,Greedy,0.8945466420562732
cw09,3b,109,Greedy,0.11004588314904008
cw09,3b,110,Greedy,0.25395813884923674
cw09,3b,111,Greedy,0.25996941123397327
cw09,3b,112,Greedy,
cw09,3b,113,Greedy,
cw09,3b,114,Greedy,0.30076379632074124
cw09,3b,115,Greedy,
cw09,3b,116,Greedy,0.7799082337019199
cw09,3b,117,Greedy,0.5210596863758249
cw09,3b,118,Greedy,0.5914777141615228
cw09,3b,119,Greedy,0.38363315291837646
cw09,3b,120,Greedy,0.14989655971084934
cw09,3b,121,Greedy,0.9082950973757998
cw09,3b,122,Greedy,
cw09,3b,123,Greedy,0.6871016843609872
cw09,3b,124,Greedy,0.34903443154537334
cw09,3b,125,Greedy,0.07115951484599434
cw09,3b,126,Greedy,0.33596209958027784
cw09,3b,127,Greedy,0.033127111727194514
cw09,3b,128,Greedy,0.46766373063105454
cw09,3b,129,Greedy,0.5020452959332854
cw09,3b,130,Greedy,0.33333333333333337
cw09,3b,131,Greedy,0.1192595584682712
cw09,3b,132,Greedy,0.21606552939845985
cw09,3b,133,Greedy,0.8482378089219645
cw09,3b,134,Greedy,0.2583297509898471
cw09,3b,135,Greedy,0.558226059985166
cw09,3b,136,Greedy,0.1530187522989332
cw09,3b,137,Greedy,0.36066216811251617
cw09,3b,138,Greedy,0.7191184989488184
cw09,3b,139,Greedy,0.2804787021221876
cw09,3b,140,Greedy,0.46825002745262523
cw09,3b,141,Greedy,
cw09,3b,142,Greedy,0.22009176629808017
cw09,3b,143,Greedy,0.7859162856301583
cw09,3b,144,Greedy,0.6319417129963656
cw09,3b,145,Greedy,0.20276881659416646
cw09,3b,146,Greedy,0.43846857403921885
cw09,3b,147,Greedy,0.7969521416609426
cw09,3b,148,Greedy,0.3044820919554809
cw09,3b,149,Greedy,0.22009176629808017
cw09,3b,150,Greedy,
cw09,3b,151,Greedy,0.5207222631577599
cw09,3b,152,Greedy,
cw09,3b,153,Greedy,0.29690011272094086
cw09,3b,154,Greedy,0.4431463649666824
cw09,3b,155,Greedy,0.1706728379730304
cw09,3b,156,Greedy,0.33639566209492994
cw09,3b,157,Greedy,0.08148406294050627
cw09,3b,158,Greedy,0.04341666783699795
cw09,3b,159,Greedy,0.1487639058405727
cw09,3b,160,Greedy,
cw09,3b,161,Greedy,
cw09,3b,162,Greedy,0.2676786242474552
cw09,3b,163,Greedy,0.6174867709416668
cw09,3b,164,Greedy,0.1884441521277154
cw09,3b,165,Greedy,0.35716164885357715
cw09,3b,166,Greedy,
cw09,3b,167,Greedy,0.4092782724164456
cw09,3b,168,Greedy,0.37857989545541343
cw09,3b,169,Greedy,0.23375474904511553
cw09,3b,170,Greedy,
cw09,3b,171,Greedy,0.4657844790676279
cw09,3b,172,Greedy,0.2632924859032585
cw09,3b,173,Greedy,0.2896306607810407
cw09,3b,174,Greedy,0.5884674004369673
cw09,3b,175,Greedy,0.5171187044332789
cw09,3b,176,Greedy,0.14417828202886865
cw09,3b,177,Greedy,
cw09,3b,178,Greedy,0.31280477890197517
cw09,3b,179,Greedy,
cw09,3b,180,Greedy,0.08433406366815539
cw09,3b,181,Greedy,0.10597319392448895
cw09,3b,182,Greedy,0.2161281790737749
cw09,3b,183,Greedy,0.08708022213905009
cw09,3b,184,Greedy,0.5014276442746162
cw09,3b,185,Greedy,0.1257153864102106
cw09,3b,186,Greedy,0.4954137524203629
cw09,3b,187,Greedy,0.26750655083095515
cw09,3b,188,Greedy,
cw09,3b,189,Greedy,0.45222411216352115
cw09,3b,190,Greedy,0.1291493200231843
cw09,3b,191,Greedy,0.1143879316142196
cw09,3b,192,Greedy,0.21787202978068063
cw09,3b,193,Greedy,0.38329564582145387
cw09,3b,194,Greedy,0.3657527888639092
cw09,3b,195,Greedy,
cw09,3b,196,Greedy,0.19497705842547994
cw09,3b,197,Greedy,0.6567921219124737
cw09,3b,198,Greedy,0.09895699762957172
cw09,3b,199,Greedy,0.4620594522304911
cw09,3b,200,Greedy,0.5796910801929009
cw09,3b,1,PageRank,0.16136331302365456
cw09,3b,2,PageRank,0.7982688592886614
cw09,3b,3,PageRank,0.46384729228425137
cw09,3b,4,PageRank,
cw09,3b,5,PageRank,0.7432814737737077
cw09,3b,6,PageRank,0.31833954895937183
cw09,3b,7,PageRank,0.545155778742082
cw09,3b,8,PageRank,0.23810256915046174
cw09,3b,9,PageRank,0.6365622663074162
cw09,3b,10,PageRank,0.3527213324429136
cw09,3b,11,PageRank,0.5837501456765717
cw09,3b,12,PageRank,
cw09,3b,13,PageRank,0.07358744134099252
cw09,3b,14,PageRank,0.4892877788649046
cw09,3b,15,PageRank,0.8493978516976801
cw09,3b,16,PageRank,0.1635413866202963
cw09,3b,17,PageRank,0.5058406541848911
cw09,3b,18,PageRank,0.6541157825384691
cw09,3b,19,PageRank,
cw09,3b,20,PageRank,
cw09,3b,21,PageRank,0.350527793898945
cw09,3b,22,PageRank,0.6218725815380736
cw09,3b,23,PageRank,0.19724761719038952
cw09,3b,24,PageRank,0.41153941408772854
cw09,3b,25,PageRank,0.3870488999820471
cw09,3b,26,PageRank,0.3179163648520622
cw09,3b,27,PageRank,0.3242087615521866
cw09,3b,28,PageRank,0.555195914092789
cw09,3b,29,PageRank,
cw09,3b,30,PageRank,0.5032157494794696
cw09,3b,31,PageRank,0.18241254240179577
cw09,3b,32,PageRank,0.3125060920951828
cw09,3b,33,PageRank,0.55502294157452
cw09,3b,34,PageRank,0.3620376719169854
cw09,3b,35,PageRank,0.48975498632746467
cw09,3b,36,PageRank,0.7065443116025597
cw09,3b,37,PageRank,
cw09,3b,38,PageRank,0.4165390886574769
cw09,3b,39,PageRank,0.3715237797036571
cw09,3b,40,PageRank,0.14185627724851593
cw09,3b,41,PageRank,0.7444146109124877
cw09,3b,42,PageRank,0.3063991492052444
cw09,3b,43,PageRank,0.42569721111301856
cw09,3b,44,PageRank,0.505988406866337
cw09,3b,45,PageRank,0.6699016406766829
cw09,3b,46,PageRank,0.7695261902392828
cw09,3b,47,PageRank,0.8437354423892267
cw09,3b,48,PageRank,0.2882001116838787
cw09,3b,49,PageRank,0.4523452256894478
cw09,3b,50,PageRank,0.11004588314904008
cw09,3b,51,PageRank,0.42070392200532963
cw09,3b,52,PageRank,0.1196514033905449
cw09,3b,53,PageRank,0.3681013002082054
cw09,3b,54,PageRank,0.48978965863703156
cw09,3b,55,PageRank,0.2032389337527008
cw09,3b,56,PageRank,
cw09,3b,57,PageRank,0.3627733720413364
cw09,3b,58,PageRank,0.6660409872270975
cw09,3b,59,PageRank,0.7012700528450193
cw09,3b,60,PageRank,0.21905409041525228
cw09,3b,61,PageRank,0.2817220022811092
cw09,3b,62,PageRank,0.11602240648613946
cw09,3b,63,PageRank,0.12273361940916698
cw09,3b,64,PageRank,0.5218633450470374
cw09,3b,65,PageRank,0.4847622458460703
cw09,3b,66,PageRank,0.22327884538901396
cw09,3b,67,PageRank,0.6722261965361699
cw09,3b,68,PageRank,
cw09,3b,69,PageRank,
cw09,3b,70,PageRank,0.12217637418940483
cw09,3b,71,PageRank,0.28098879315268577
cw09,3b,72,PageRank,0.6215945121641618
cw09,3b,73,PageRank,0.2596592991547714
cw09,3b,74,PageRank,
cw09,3b,75,PageRank,0.5035137093117428
cw09,3b,76,PageRank,0.2348785990221709
cw09,3b,77,PageRank,
cw09,3b,78,PageRank,0.37006885210057816
cw09,3b,79,PageRank,0.15882235975984269
cw09,3b,80,PageRank,0.8611375561264454
cw09,3b,81,PageRank,0.330034660237339
cw09,3b,82,PageRank,0.25153549718617146
cw09,3b,83,PageRank,0.5939304002440184
cw09,3b,84,PageRank,0.4319078058317903
cw09,3b,85,PageRank,
cw09,3b,86,PageRank,0.17664037763537804
cw09,3b,87,PageRank,0.2596870489614617
cw09,3b,88,PageRank,0.11200278075758777
cw09,3b,89,PageRank,0.4199166744355605
cw09,3b,90,PageRank,0.5015417878765491
cw09,3b,91,PageRank,0.5743027888869814
cw09,3b,92,PageRank,0.3415289423341119
cw09,3b,93,PageRank,
cw09,3b,94,PageRank,
cw09,3b,96,PageRank,0.03403958997294794
cw09,3b,97,PageRank,0.9668728882728055
cw09,3b,98,PageRank,0.4050438487487858
cw09,3b,99,PageRank,0.3114608836393599
cw09,3b,101,PageRank,0.5063793599915664
cw09,3b,102,PageRank,0.6072358148052823
cw09,3b,103,PageRank,0.544953810116228
cw09,3b,104,PageRank,0.15457433957839825
cw09,3b,105,PageRank,0.7057973669794123
cw09,3b,106,PageRank,
cw09,3b,107,PageRank,0.44534847005695666
cw09,3b,108,PageRank,0.24966402870278917
cw09,3b,109,PageRank,0.09478836436955078
cw09,3b,110,PageRank,0.3812278908590575
cw09,3b,111,PageRank,0.3283416336766211
cw09,3b,112,PageRank,
cw09,3b,113,PageRank,
cw09,3b,114,PageRank,0.15122683541175133
cw09,3b,115,PageRank,
cw09,3b,116,PageRank,0.34917455244458895
cw09,3b,117,PageRank,0.4172747273624616
cw09,3b,118,PageRank,0.6219491076233307
cw09,3b,119,PageRank,0.5055885176333172
cw09,3b,120,PageRank,0.20265924764375143
cw09,3b,121,PageRank,0.8482291584993337
cw09,3b,122,PageRank,0.5065267082131061
cw09,3b,123,PageRank,0.667905452944332
cw09,3b,124,PageRank,0.35816149125386
cw09,3b,125,PageRank,0.034482383019389544
cw09,3b,126,PageRank,0.1208113026994942
cw09,3b,127,PageRank,0.034715610968388634
cw09,3b,128,PageRank,0.44819280790494953
cw09,3b,129,PageRank,0.4673791184803735
cw09,3b,130,PageRank,0.3564770739789257
cw09,3b,131,PageRank,0.15048880767085435
cw09,3b,132,PageRank,0.5266128295913879
cw09,3b,133,PageRank,0.8364586133797036
cw09,3b,134,PageRank,0.37566986542073233
cw09,3b,135,PageRank,0.5833416105149332
cw09,3b,136,PageRank,0.15825605086721442
cw09,3b,137,PageRank,0.22344746285088182
cw09,3b,138,PageRank,0.5648901044069581
cw09,3b,139,PageRank,0.23135481079154177
cw09,3b,140,PageRank,0.32662592711430266
cw09,3b,141,PageRank,
cw09,3b,142,PageRank,0.22009176629808017
cw09,3b,143,PageRank,0.8482378089219645
cw09,3b,144,PageRank,0.540944308582535
cw09,3b,145,PageRank,0.3972102977587762
cw09,3b,146,PageRank,0.2877560684732092
cw09,3b,147,PageRank,0.8464134707954624
cw09,3b,148,PageRank,0.25533855556293344
cw09,3b,149,PageRank,0.13886244387355454
cw09,3b,150,PageRank,0.3707939824574927
cw09,3b,151,PageRank,0.3733055295762153
cw09,3b,152,PageRank,
cw09,3b,153,PageRank,0.2675582054603736
cw09,3b,154,PageRank,0.14522110498028862
cw09,3b,155,PageRank,0.42914113378860647
cw09,3b,156,PageRank,0.2569855470646216
cw09,3b,157,PageRank,0.017665632376179966
cw09,3b,158,PageRank,0.021285779410405246
cw09,3b,159,PageRank,0.08514311764162098
cw09,3b,160,PageRank,
cw09,3b,161,PageRank,
cw09,3b,162,PageRank,0.13520006885139224
cw09,3b,163,PageRank,0.10730912003097104
cw09,3b,164,PageRank,0.06625422345438903
cw09,3b,165,PageRank,0.5715141690725839
cw09,3b,166,PageRank,
cw09,3b,167,PageRank,0.4738030716227381
cw09,3b,168,PageRank,0.450271789736313
cw09,3b,169,PageRank,0.2470989040965918
cw09,3b,170,PageRank,
cw09,3b,171,PageRank,0.2942816323980527
cw09,3b,172,PageRank,0.2727750994981858
cw09,3b,173,PageRank,0.3743806172976453
cw09,3b,174,PageRank,0.8701249883466592
cw09,3b,175,PageRank,0.5299464831790986
cw09,3b,176,PageRank,0.1041266032304147
cw09,3b,177,PageRank,
cw09,3b,178,PageRank,0.23440650992329987
cw09,3b,179,PageRank,
cw09,3b,180,PageRank,0.096896909850838
cw09,3b,181,PageRank,0.031901110107587144
cw09,3b,182,PageRank,0.10730912003097104
cw09,3b,183,PageRank,0.13882663979416301
cw09,3b,184,PageRank,0.40346228142267715
cw09,3b,185,PageRank,0.10858854847821182
cw09,3b,186,PageRank,0.3302470788982972
cw09,3b,187,PageRank,0.17260686131315572
cw09,3b,188,PageRank,
cw09,3b,189,PageRank,0.16815228646891084
cw09,3b,190,PageRank,0.07878665069033607
cw09,3b,191,PageRank,0.016563555863597257
cw09,3b,192,PageRank,0.7875905759848791
cw09,3b,193,PageRank,0.46390161344825054
cw09,3b,194,PageRank,0.2887693561294199
cw09,3b,195,PageRank,
cw09,3b,196,PageRank,0.23790918264513436
cw09,3b,197,PageRank,0.5405302785758654
cw09,3b,198,PageRank,0.07624721978940002
cw09,3b,199,PageRank,0.40471641146949494
cw09,3b,200,PageRank,0.4328873466306461
